SA3_NAME21,SA3_CODE21,SA3_CODE_2016,year,total_persons,overseas_born,diversity_simpson,recent_arrivals_2012_2016,overseas_born_pct,new_arrivals_share,recent_arrivals_rate
Queanbeyan,10102,10102,2016,57331,9731,0.927104352,1371,16.9733652,14.08899394,2.391376393
Snowy Mountains,10103,10103,2016,19366,2477,0.891782599,196,12.7904575,7.912797739,1.012083032
South Coast,10104,10104,2016,70638,8786,0.831063367,380,12.4380645,4.3250626,0.537954076
Goulburn - Mulwaree,10105,10105,2016,35559,3296,0.903314513,407,9.269102056,12.34830097,1.144576619
Young - Yass,10106,10106,2016,35942,2898,0.867702721,224,8.062990373,7.729468599,0.623226309
Gosford,10201,10201,2016,169053,28754,0.867069394,2475,17.00886704,8.607498087,1.464037905
Wyong,10202,10202,2016,158683,19200,0.869036713,1258,12.09959479,6.552083333,0.792775534
Bathurst,10301,10301,2016,46594,4019,0.907449258,482,8.625574108,11.99303309,1.034467957
Lachlan Valley,10302,10302,2016,55336,2804,0.903263323,373,5.067225676,13.30242511,0.674063901
Lithgow - Mudgee,10303,10303,2016,46612,3806,0.877955514,255,8.165279327,6.699947451,0.547069424
Orange,10304,10304,2016,57614,4817,0.915478271,745,8.36081508,15.46605771,1.293088485
Clarence Valley,10401,10401,2016,50261,3787,0.849556552,279,7.534669028,7.367309216,0.555102366
Coffs Harbour,10402,10402,2016,86021,11658,0.888394278,1790,13.55250462,15.35426317,2.080887225
Bourke - Cobar - Coonamble,10501,10501,2016,24152,1332,0.919124079,200,5.515071216,15.01501502,0.828088771
Broken Hill and Far West,10502,10502,2016,20217,889,0.907881734,132,4.39728941,14.84814398,0.652915863
Dubbo,10503,10503,2016,69414,4509,0.929223881,829,6.495807762,18.38545132,1.194283574
Lower Hunter,10601,10601,2016,87675,5742,0.872143831,459,6.54918734,7.993730408,0.52352438
Maitland,10602,10602,2016,74162,5895,0.905560973,669,7.948814757,11.34860051,0.902079232
Port Stephens,10603,10603,2016,71381,7998,0.847473402,500,11.20466231,6.251562891,0.700466511
Upper Hunter,10604,10604,2016,30196,2333,0.906230864,473,7.726188899,20.2743249,1.56643264
Dapto - Port Kembla,10701,10701,2016,75354,15475,0.899208101,999,20.53640152,6.455573506,1.325742495
Illawarra Catchment Reserve,10702,10702,2016,8,0,,0,0,,0
Kiama - Shellharbour,10703,10703,2016,89837,14262,0.875952459,732,15.87541881,5.132519983,0.814809043
Wollongong,10704,10704,2016,128301,27934,0.930140325,6234,21.77223872,22.31688981,4.858886525
Great Lakes,10801,10801,2016,31272,3146,0.829374954,160,10.06011768,5.085823268,0.511639806
Kempsey - Nambucca,10802,10802,2016,48127,3790,0.845680829,269,7.874997403,7.09762533,0.55893781
Lord Howe Island,10803,10803,2016,382,49,0.814660558,6,12.82722513,12.24489796,1.570680628
Port Macquarie,10804,10804,2016,78567,8906,0.835565503,652,11.335548,7.320907254,0.829864956
Taree - Gloucester,10805,10805,2016,53856,4523,0.836636526,224,8.39832145,4.952465178,0.415923945
Albury,10901,10901,2016,61271,6107,0.909263165,958,9.967194921,15.68691665,1.56354556
Lower Murray,10902,10902,2016,12547,720,0.896886574,103,5.738423528,14.30555556,0.820913366
Upper Murray exc. Albury,10903,10903,2016,41980,2915,0.883423706,430,6.943782754,14.75128645,1.024297284
Armidale,11001,11001,2016,37090,4113,0.918906087,1184,11.08924238,28.78677364,3.192235104
Inverell - Tenterfield,11002,11002,2016,38345,2376,0.879928635,270,6.196375016,11.36363636,0.704133525
Moree - Narrabri,11003,11003,2016,25622,1204,0.927680158,220,4.699086722,18.27242525,0.858637109
Tamworth - Gunnedah,11004,11004,2016,80496,4994,0.918968922,1126,6.204034983,22.54705647,1.398827271
Lake Macquarie - East,11101,11101,2016,120014,11504,0.902055172,1042,9.585548353,9.057719054,0.86823204
Lake Macquarie - West,11102,11102,2016,75205,7880,0.883682587,606,10.47802673,7.69035533,0.805797487
Newcastle,11103,11103,2016,163884,22285,0.935455632,5205,13.59803275,23.35651784,3.176026946
Richmond Valley - Coastal,11201,11201,2016,78280,10548,0.867473398,1108,13.47470618,10.50436102,1.415431783
Richmond Valley - Hinterland,11202,11202,2016,69950,5855,0.884419004,451,8.370264475,7.702818104,0.644746247
Tweed Valley,11203,11203,2016,91371,13269,0.839028223,1040,14.52211314,7.837817469,1.138216721
Griffith - Murrumbidgee (West),11301,11301,2016,48144,6418,0.898109487,1425,13.33084081,22.20317856,2.959870389
Tumut - Tumbarumba,11302,11302,2016,14437,1218,0.905332169,152,8.436655815,12.47947455,1.052850315
Wagga Wagga,11303,11303,2016,93357,7495,0.928637807,1810,8.02832139,24.14943296,1.938794091
Shoalhaven,11401,11401,2016,99490,12683,0.838444939,719,12.74801488,5.669005756,0.722685697
Southern Highlands,11402,11402,2016,47869,7579,0.84905676,568,15.83279367,7.4943924,1.186571685
Baulkham Hills,11501,11501,2016,143738,55854,0.933853851,6475,38.85820034,11.59272389,4.504723873
Dural - Wisemans Ferry,11502,11502,2016,26229,5602,0.925548916,355,21.35803881,6.337022492,1.353463723
Hawkesbury,11503,11503,2016,24588,2779,0.852791091,98,11.30226127,3.526448363,0.398568407
Rouse Hill - McGraths Hill,11504,11504,2016,33182,8524,0.941255606,906,25.68862636,10.62881276,2.730395998
Blacktown,11601,11601,2016,134753,57422,0.906152925,9229,42.61278042,16.07223712,6.848827113
Blacktown - North,11602,11602,2016,92823,36405,0.897048675,4290,39.21980544,11.78409559,4.621699363
Mount Druitt,11603,11603,2016,112066,43444,0.893743651,5746,38.7664412,13.22622226,5.127335677
Botany,11701,11701,2016,46693,20615,0.933174235,4278,44.15008674,20.7518797,9.161972887
Marrickville - Sydenham - Petersham,11702,11702,2016,54609,18045,0.932244163,2891,33.04400374,16.02105846,5.293999158
Sydney Inner City,11703,11703,2016,214249,101178,0.917245439,40925,47.22449113,40.44851648,19.10160608
Eastern Suburbs - North,11801,11801,2016,126382,45265,0.89214314,10359,35.8160181,22.88523142,8.196578627
Eastern Suburbs - South,11802,11802,2016,140654,57479,0.919766425,17277,40.86552818,30.0579342,12.28333357
Bankstown,11901,11901,2016,171429,66626,0.90705494,7915,38.8650695,11.87974665,4.617071791
Canterbury,11902,11902,2016,135070,67538,0.92853345,12860,50.00222107,19.0411324,9.520989117
Hurstville,11903,11903,2016,127193,57647,0.832998312,11022,45.32246271,19.11981543,8.665571219
Kogarah - Rockdale,11904,11904,2016,137723,64812,0.924631315,13861,47.05967776,21.38647164,10.06440464
Canada Bay,12001,12001,2016,85356,33491,0.903603514,6571,39.23684334,19.62019647,7.698345752
Leichhardt,12002,12002,2016,56066,15655,0.90298315,2397,27.92244854,15.31140211,4.275318375
Strathfield - Burwood - Ashfield,12003,12003,2016,151873,75796,0.909598226,19216,49.90748849,25.35226133,12.65267691
Chatswood - Lane Cove,12101,12101,2016,112245,47891,0.924225259,10572,42.66648849,22.07512894,9.418682347
Hornsby,12102,12102,2016,80603,30073,0.923013294,4995,37.31002568,16.60958335,6.197039812
Ku-ring-gai,12103,12103,2016,118371,45990,0.916615424,6458,38.85242162,14.04218308,5.455728177
North Sydney - Mosman,12104,12104,2016,94139,34037,0.920072925,7715,36.15610958,22.66650997,8.195328185
Manly,12201,12201,2016,41888,14340,0.859038756,3487,34.2341482,24.31659693,8.324579832
Pittwater,12202,12202,2016,60438,13949,0.840957407,1255,23.07985043,8.997060721,2.076508157
Warringah,12203,12203,2016,150543,44275,0.902428237,6597,29.41020174,14.90005647,4.382136665
Camden,12301,12301,2016,62510,9822,0.916357799,757,15.71268597,7.707187945,1.211006239
Campbelltown (NSW),12302,12302,2016,158401,49498,0.933515752,5615,31.2485401,11.34389268,3.544800854
Wollondilly,12303,12303,2016,41152,4884,0.861410187,273,11.86819596,5.58968059,0.663394246
Blue Mountains,12401,12401,2016,76694,12862,0.854789371,789,16.77054268,6.134349246,1.028763658
Blue Mountains - South,12402,12402,2016,3,0,,0,0,,0
Penrith,12403,12403,2016,139692,26985,0.925890616,2732,19.3174985,10.12414304,1.95573118
Richmond - Windsor,12404,12404,2016,36547,4888,0.902357823,354,13.37455879,7.242225859,0.968615755
St Marys,12405,12405,2016,53993,14418,0.924388231,1470,26.70346156,10.19558885,2.722575149
Auburn,12501,12501,2016,89670,53844,0.921472919,13735,60.04683841,25.5088775,15.31727445
Carlingford,12502,12502,2016,66570,29862,0.884100856,4068,44.85804416,13.62266426,6.110860748
Merrylands - Guildford,12503,12503,2016,151262,67525,0.932091622,11008,44.64108633,16.30211033,7.277439145
Parramatta,12504,12504,2016,140891,73553,0.831762544,21552,52.20560575,29.30132014,15.29693167
Pennant Hills - Epping,12601,12601,2016,47590,21105,0.881502646,3989,44.34755201,18.90073442,8.382013028
Ryde - Hunters Hill,12602,12602,2016,134528,60807,0.8986247,13688,45.20025571,22.51056622,10.17483349
Bringelly - Green Valley,12701,12701,2016,102811,37507,0.922318105,2864,36.4815049,7.635907964,2.785694138
Fairfield,12702,12702,2016,185802,99267,0.852928622,13952,53.42622792,14.05502332,7.509068794
Liverpool,12703,12703,2016,117356,48437,0.936952429,6990,41.27356079,14.43111671,5.956235727
Cronulla - Miranda - Caringbah,12801,12801,2016,109841,20536,0.919689372,2247,18.69611529,10.94176081,2.045684216
Sutherland - Menai - Heathcote,12802,12802,2016,108036,18650,0.919975332,1424,17.26276426,7.63538874,1.318079159
Migratory - Offshore - Shipping (NSW),19797,19797,2016,412,122,0.898414405,12,29.61165049,9.836065574,2.912621359
No usual address (NSW),19999,19999,2016,12288,2994,0.926969503,1193,24.36523438,39.84635939,9.708658854
Ballarat,20101,20101,2016,103815,9765,0.914314638,1522,9.40615518,15.58627752,1.46606945
Creswick - Daylesford - Ballan,20102,20102,2016,28307,3424,0.85336465,162,12.095948,4.731308411,0.572296605
Maryborough - Pyrenees,20103,20103,2016,25365,2321,0.812519526,117,9.1504041,5.040930633,0.461265523
Bendigo,20201,20201,2016,94378,7552,0.926029458,1284,8.001864841,17.00211864,1.360486554
Heathcote - Castlemaine - Kyneton,20202,20202,2016,47291,5320,0.854980355,380,11.24949779,7.142857143,0.803535556
Loddon - Elmore,20203,20203,2016,11421,778,0.865943921,75,6.812012959,9.640102828,0.656685054
Barwon - West,20301,20301,2016,19018,1745,0.815768672,89,9.17551793,5.100286533,0.467977705
Geelong,20302,20302,2016,188180,31705,0.933448401,5123,16.84823042,16.15833465,2.722393453
Surf Coast - Bellarine Peninsula,20303,20303,2016,71729,8938,0.845653214,733,12.46078992,8.200939808,1.021901881
Upper Goulburn Valley,20401,20401,2016,53840,5592,0.88027437,594,10.38632987,10.6223176,1.103268945
Wangaratta - Benalla,20402,20402,2016,46100,3608,0.892324153,252,7.826464208,6.984478936,0.546637744
Wodonga - Alpine,20403,20403,2016,70249,7248,0.900396098,768,10.31758459,10.59602649,1.093253996
Baw Baw,20501,20501,2016,48626,5242,0.860646939,362,10.78024102,6.90576116,0.744457698
Gippsland - East,20502,20502,2016,45146,4881,0.850148721,322,10.81158907,6.59700881,0.713241483
Gippsland - South West,20503,20503,2016,61668,7881,0.844950024,455,12.77972368,5.773379013,0.737821885
Latrobe Valley,20504,20504,2016,73099,9046,0.912198071,726,12.37499829,8.025646695,0.993173641
Wellington,20505,20505,2016,42871,4524,0.888626705,489,10.552588,10.80901857,1.140631196
Brunswick - Coburg,20601,20601,2016,86257,26524,0.93688084,6227,30.74996812,23.47685115,7.219124245
Darebin - South,20602,20602,2016,52065,13286,0.924889692,2112,25.51810237,15.89643233,4.056467877
Essendon,20603,20603,2016,66595,18255,0.928300574,4179,27.41196787,22.89235826,6.275245889
Melbourne City,20604,20604,2016,135969,75724,0.884571353,40438,55.69210629,53.40182769,29.74060264
Port Phillip,20605,20605,2016,100872,31766,0.923155869,9038,31.49139504,28.45180382,8.959869934
Stonnington - West,20606,20606,2016,62467,20876,0.931624911,6472,33.41924536,31.00210768,10.36067043
Yarra,20607,20607,2016,87453,25244,0.923240151,6214,28.86579077,24.61575028,7.105530971
Boroondara,20701,20701,2016,167231,51624,0.917734883,11308,30.8698746,21.90454052,6.761904192
Manningham - West,20702,20702,2016,90369,40088,0.903684054,6003,44.36034481,14.97455598,6.642764665
Whitehorse - West,20703,20703,2016,102040,40689,0.86286666,11182,39.875539,27.48162894,10.95844767
Bayside,20801,20801,2016,97087,24707,0.901881239,3912,25.44830925,15.83356943,4.029375715
Glen Eira,20802,20802,2016,148437,54704,0.909616719,11970,36.85334519,21.88139807,8.064027163
Kingston,20803,20803,2016,116817,30844,0.924999453,4207,26.40369124,13.63960576,3.601359391
Stonnington - East,20804,20804,2016,41367,11817,0.922276788,3336,28.56624846,28.23051536,8.064399159
Banyule,20901,20901,2016,121865,28447,0.936025929,4342,23.34304353,15.26347242,3.562959012
Darebin - North,20902,20902,2016,94653,35396,0.927168551,8917,37.3955395,25.1921121,9.420726232
Nillumbik - Kinglake,20903,20903,2016,65123,9899,0.892184026,785,15.20046681,7.930093949,1.205411299
Whittlesea - Wallan,20904,20904,2016,213708,71977,0.9345643,11990,33.68006813,16.65809911,5.610459131
Keilor,21001,21001,2016,58565,15852,0.915248426,1410,27.06736105,8.894776684,2.40758132
Macedon Ranges,21002,21002,2016,29574,3573,0.856430224,162,12.08155813,4.534005038,0.547778454
Moreland - North,21003,21003,2016,75506,28329,0.936214048,6322,37.51887267,22.31635427,8.372844542
Sunbury,21004,21004,2016,39369,6156,0.910096691,573,15.63666844,9.307992203,1.45545988
Tullamarine - Broadmeadows,21005,21005,2016,160353,64518,0.916353642,12118,40.23498157,18.78235531,7.557077198
Knox,21101,21101,2016,154154,46304,0.936405112,4811,30.03749497,10.3900311,3.120905069
Manningham - East,21102,21102,2016,25986,6167,0.929285947,604,23.73200954,9.794065186,2.324328485
Maroondah,21103,21103,2016,109933,25350,0.929371306,4119,23.05949988,16.24852071,3.746827613
Whitehorse - East,21104,21104,2016,60769,21799,0.913521889,3748,35.87190837,17.19344924,6.167618358
Yarra Ranges,21105,21105,2016,148760,24246,0.863637436,1820,16.29873622,7.506392807,1.223447163
Cardinia,21201,21201,2016,94288,17747,0.903729441,1985,18.82211946,11.18498901,2.105251994
Casey - North,21202,21202,2016,131119,49835,0.938001559,6879,38.00745887,13.80355172,5.246379243
Casey - South,21203,21203,2016,168177,63664,0.915801036,9658,37.85535478,15.17026891,5.742759117
Dandenong,21204,21204,2016,186623,103270,0.928042452,21763,55.33615899,21.07388399,11.66147795
Monash,21205,21205,2016,175056,86312,0.898071847,22127,49.30536514,25.63606451,12.63995521
Brimbank,21301,21301,2016,185816,90225,0.898318003,15536,48.55609851,17.21917429,8.360959228
Hobsons Bay,21302,21302,2016,84006,24351,0.94265181,3510,28.9872152,14.41419244,4.178272981
Maribyrnong,21303,21303,2016,82288,32814,0.905907012,8103,39.87701731,24.69372829,9.847122302
Melton - Bacchus Marsh,21304,21304,2016,153438,42477,0.927098083,5206,27.68349431,12.25604445,3.392901367
Wyndham,21305,21305,2016,221895,92277,0.899897978,20027,41.58588522,21.70313296,9.02543996
Frankston,21401,21401,2016,134143,28695,0.895084691,2795,21.39135102,9.740372887,2.083597355
Mornington Peninsula,21402,21402,2016,154999,27529,0.801295188,1904,17.76075975,6.916342766,1.228395022
Grampians,21501,21501,2016,58820,4190,0.90766537,541,7.123427406,12.91169451,0.919755185
Mildura,21502,21502,2016,53878,5764,0.93452667,1116,10.69824418,19.36155448,2.071346375
Murray River - Swan Hill,21503,21503,2016,37336,3284,0.938991842,667,8.7958003,20.31059683,1.786479537
Campaspe,21601,21601,2016,37208,2504,0.881724704,299,6.729735541,11.94089457,0.803590626
Moira,21602,21602,2016,29112,2615,0.895026414,356,8.982550151,13.61376673,1.222863424
Shepparton,21603,21603,2016,63649,9437,0.9292208,2122,14.82662728,22.48595952,3.333909409
Glenelg - Southern Grampians,21701,21701,2016,35558,2664,0.86822098,299,7.491984926,11.22372372,0.84087969
Colac - Corangamite,21703,21703,2016,37040,2799,0.877370714,338,7.556695464,12.07574134,0.912526998
Warrnambool,21704,21704,2016,50099,3878,0.896471307,753,7.740673467,19.41722537,1.503024012
Migratory - Offshore - Shipping (Vic.),29797,29797,2016,29,0,,0,0,,0
No usual address (Vic.),29999,29999,2016,7565,2003,0.922293046,840,26.47719762,41.93709436,11.10376735
Capalaba,30101,30101,2016,71569,15224,0.862019426,1457,21.27177968,9.570415134,2.035797622
Cleveland - Stradbroke,30102,30102,2016,82814,19517,0.8240545,1761,23.56727123,9.02290311,2.126452049
Wynnum - Manly,30103,30103,2016,68703,16087,0.86771336,2277,23.41528026,14.15428607,3.314265753
Bald Hills - Everton Park,30201,30201,2016,40790,9829,0.929604571,1234,24.0965923,12.55468512,3.025251287
Chermside,30202,30202,2016,69069,15344,0.925369435,2750,22.21546569,17.92231491,3.981525721
Nundah,30203,30203,2016,38666,10059,0.912826848,2201,26.01510371,21.88090267,5.692339523
Sandgate,30204,30204,2016,57993,14684,0.904075291,2494,25.32029728,16.9844729,4.300519028
Carindale,30301,30301,2016,50179,12579,0.932598475,1817,25.06825564,14.44470944,3.621036689
Holland Park - Yeronga,30302,30302,2016,70983,18830,0.935722231,5008,26.52747841,26.59585767,7.055210402
Mt Gravatt,30303,30303,2016,71208,27818,0.923834133,6554,39.0658353,23.56028471,9.20402202
Nathan,30304,30304,2016,38872,12162,0.932531055,3198,31.28730191,26.29501727,8.227001441
Rocklea - Acacia Ridge,30305,30305,2016,59530,27047,0.922591127,4565,45.43423484,16.87802714,7.668402486
Sunnybank,30306,30306,2016,49805,26665,0.903604202,6839,53.53880133,25.64785299,13.73155306
Centenary,30401,30401,2016,32529,10619,0.93830674,1017,32.64471702,9.577172992,3.126441022
Kenmore - Brookfield - Moggill,30402,30402,2016,45374,14155,0.910366559,1734,31.19627981,12.25008831,3.821571825
Sherwood - Indooroopilly,30403,30403,2016,51079,17599,0.935649128,7477,34.45447248,42.48536849,14.63810959
The Gap - Enoggera,30404,30404,2016,50010,9784,0.898239107,1296,19.56408718,13.24611611,2.591481704
Brisbane Inner,30501,30501,2016,67583,27024,0.929506691,11268,39.98638711,41.69626998,16.67283193
Brisbane Inner - East,30502,30502,2016,40594,9432,0.910165262,2160,23.23496083,22.90076336,5.320983397
Brisbane Inner - North,30503,30503,2016,86163,22632,0.930380173,7148,26.2664949,31.58359844,8.295904274
Brisbane Inner - West,30504,30504,2016,55865,12611,0.923988603,3452,22.57406247,27.3729284,6.179181957
Cairns - North,30601,30601,2016,52656,12131,0.888362385,1614,23.03821027,13.30475641,3.065177758
Cairns - South,30602,30602,2016,100791,21140,0.923447598,3707,20.97409491,17.53547777,3.67790775
Innisfail - Cassowary Coast,30603,30603,2016,34731,4342,0.904612559,744,12.50179955,17.13496085,2.142178457
Port Douglas - Daintree,30604,30604,2016,11609,2317,0.876267046,409,19.95865277,17.65213638,3.523128607
Tablelands (East) - Kuranda,30605,30605,2016,40401,5878,0.897793122,562,14.54914482,9.561075196,1.391054677
Darling Downs (West) - Maranoa,30701,30701,2016,44062,2936,0.900524542,627,6.663338024,21.35558583,1.422994871
Darling Downs - East,30702,30702,2016,42123,3299,0.880679854,579,7.831825843,17.55077296,1.374545973
Granite Belt,30703,30703,2016,40101,4002,0.881563092,416,9.979801002,10.3948026,1.037380614
Central Highlands (Qld),30801,30801,2016,28960,3020,0.842806237,546,10.4281768,18.0794702,1.885359116
Rockhampton,30803,30803,2016,116000,11143,0.905825647,1885,9.606034483,16.91644979,1.625
Biloela,30804,30804,2016,14319,1149,0.910421974,314,8.024303373,27.3281114,2.192890565
Gladstone,30805,30805,2016,61640,8897,0.877534332,1895,14.43380921,21.29931438,3.074302401
Broadbeach - Burleigh,30901,30901,2016,61635,15531,0.870846326,2523,25.1983451,16.2449295,4.093453395
Coolangatta,30902,30902,2016,53189,9320,0.851554528,1091,17.52242005,11.70600858,2.051175995
Gold Coast - North,30903,30903,2016,65902,20677,0.870500282,2990,31.37537556,14.46051168,4.537039847
Gold Coast Hinterland,30904,30904,2016,18512,3979,0.808973676,213,21.49416595,5.353103795,1.150605013
Mudgeeraba - Tallebudgera,30905,30905,2016,33382,8094,0.848349414,760,24.24659996,9.389671362,2.276676053
Nerang,30906,30906,2016,67285,17734,0.827103057,1784,26.35654306,10.05977219,2.651408189
Ormeau - Oxenford,30907,30907,2016,120883,33227,0.800559855,4879,27.48690883,14.68384145,4.036134113
Robina,30908,30908,2016,49477,16588,0.89716601,2810,33.52668917,16.9399566,5.679406593
Southport,30909,30909,2016,58896,20043,0.906682793,4462,34.03117359,22.26213641,7.576066286
Surfers Paradise,30910,30910,2016,40836,14561,0.91095651,4143,35.6572632,28.45271616,10.14545989
Forest Lake - Oxley,31001,31001,2016,72230,27411,0.878289811,4472,37.94960543,16.31461822,6.191333241
Ipswich Hinterland,31002,31002,2016,62726,6470,0.832723902,395,10.31470204,6.105100464,0.629722922
Ipswich Inner,31003,31003,2016,104207,13529,0.862218217,1538,12.98281305,11.36817207,1.475908528
Springfield - Redbank,31004,31004,2016,83910,25621,0.84740765,4697,30.53390537,18.33261777,5.597664164
Beaudesert,31101,31101,2016,13915,1512,0.809773138,88,10.86597197,5.82010582,0.632411067
Beenleigh,31102,31102,2016,40928,9962,0.811455142,1187,24.34030493,11.91527806,2.900215012
Browns Plains,31103,31103,2016,79812,22326,0.850586709,3160,27.97323711,14.15390128,3.959304365
Jimboomba,31104,31104,2016,45587,7664,0.815251831,430,16.81181038,5.610647182,0.943251366
Loganlea - Carbrook,31105,31105,2016,59779,16337,0.861809131,2024,27.32899513,12.38905552,3.385804379
Springwood - Kingston,31106,31106,2016,77280,26211,0.902996916,5394,33.91692547,20.57914616,6.979813665
Bowen Basin - North,31201,31201,2016,33494,3677,0.885193992,789,10.97808563,21.45771009,2.355645787
Mackay,31202,31202,2016,114969,13455,0.8940787,2018,11.70315476,14.99814195,1.755255765
Whitsunday,31203,31203,2016,21224,3588,0.869483345,839,16.90539012,23.38350056,3.953071994
Bribie - Beachmere,31301,31301,2016,33043,6004,0.795712807,369,18.17026299,6.145902732,1.116726689
Caboolture,31302,31302,2016,67460,11071,0.860384139,1606,16.41120664,14.50636799,2.380670027
Caboolture Hinterland,31303,31303,2016,13232,1796,0.851267479,292,13.57315599,16.25835189,2.206771463
Narangba - Burpengary,31304,31304,2016,62884,11018,0.821119674,1056,17.52115005,9.584316573,1.679282488
Redcliffe,31305,31305,2016,59469,13179,0.837589119,1318,22.16112596,10.00075878,2.216280751
The Hills District,31401,31401,2016,86194,15512,0.866369489,1377,17.99661229,8.876998453,1.597558995
North Lakes,31402,31402,2016,71560,18390,0.860030083,3295,25.69871437,17.91734638,4.604527669
Strathpine,31403,31403,2016,37215,7256,0.873403861,892,19.49751444,12.29327453,2.396882977
Far North,31501,31501,2016,32390,2471,0.901542965,287,7.628897808,11.61473088,0.886075949
Outback - North,31502,31502,2016,29651,3663,0.865324561,847,12.35371488,23.12312312,2.856564703
Outback - South,31503,31503,2016,17659,1020,0.879784698,212,5.776091511,20.78431373,1.200520981
Buderim,31601,31601,2016,54483,12435,0.846491418,1934,22.82363306,15.55287495,3.549731109
Caloundra,31602,31602,2016,80512,15640,0.826519728,1862,19.42567568,11.90537084,2.312698728
Maroochy,31603,31603,2016,56308,11205,0.856478261,1887,19.89948142,16.84069612,3.351211196
Noosa,31605,31605,2016,41152,9922,0.826146056,1273,24.11061431,12.83007458,3.093409798
Sunshine Coast Hinterland,31606,31606,2016,49582,8600,0.814107842,537,17.34500424,6.244186047,1.083054334
Nambour,31607,31607,2016,42624,6839,0.839219753,520,16.0449512,7.603450797,1.21996997
Noosa Hinterland,31608,31608,2016,21852,3987,0.799072405,212,18.24546952,5.317281164,0.970162914
Toowoomba,31701,31701,2016,149512,19144,0.926135818,4796,12.8043234,25.05223569,3.207769276
Charters Towers - Ayr - Ingham,31801,31801,2016,42226,3176,0.892935207,365,7.521432293,11.49244332,0.864396343
Townsville,31802,31802,2016,186808,25546,0.905537018,4172,13.67500321,16.33132389,2.233309066
Bundaberg,31901,31901,2016,87765,10417,0.880788468,1398,11.86919615,13.42037055,1.592890104
Burnett,31902,31902,2016,49067,4603,0.861148325,486,9.3810504,10.55833152,0.990482402
Gympie - Cooloola,31903,31903,2016,49486,5301,0.834027002,347,10.7121206,6.545934729,0.701208423
Hervey Bay,31904,31904,2016,56678,9705,0.829084048,665,17.12304598,6.852138073,1.173294753
Maryborough,31905,31905,2016,44893,4432,0.826645361,236,9.872363175,5.324909747,0.525694429
Migratory - Offshore - Shipping (Qld),39797,39797,2016,150,38,0.781163435,0,25.33333333,0,0
No usual address (Qld),39999,39999,2016,12510,3140,0.878965881,1209,25.09992006,38.50318471,9.664268585
Adelaide City,40101,40101,2016,22063,9760,0.876853185,5161,44.2369578,52.87909836,23.39210443
Adelaide Hills,40102,40102,2016,71892,11123,0.773180562,730,15.47181884,6.562977614,1.015412007
Burnside,40103,40103,2016,43911,13331,0.921514217,2905,30.35913552,21.79131348,6.615654392
Campbelltown (SA),40104,40104,2016,50525,17154,0.91017537,2987,33.95150915,17.41284832,5.91192479
Norwood - Payneham - St Peters,40105,40105,2016,35362,10664,0.921839782,2691,30.15666535,25.23443361,7.609863695
Prospect - Walkerville,40106,40106,2016,28079,7576,0.925405591,1661,26.98101784,21.92449842,5.91545283
Unley,40107,40107,2016,37721,9317,0.92389683,2220,24.69976936,23.82741226,5.885315872
Gawler - Two Wells,40201,40201,2016,34632,5633,0.677127244,288,16.26530377,5.112728564,0.831600832
Playford,40202,40202,2016,90154,19224,0.824027543,2250,21.3235131,11.70411985,2.495729529
Port Adelaide - East,40203,40203,2016,68056,24930,0.922323428,5961,36.63159751,23.91095066,8.758963207
Salisbury,40204,40204,2016,136635,42210,0.920528182,6881,30.89252388,16.30182421,5.036044937
Tea Tree Gully,40205,40205,2016,93604,21974,0.833553802,1985,23.4754925,9.033403113,2.12063587
Holdfast Bay,40301,40301,2016,33703,7452,0.848628683,1383,22.11079132,18.55877617,4.103492271
Marion,40302,40302,2016,90067,24499,0.903849636,4913,27.20086158,20.05387975,5.454828072
Mitcham,40303,40303,2016,63529,14321,0.903892667,2781,22.54246092,19.41903498,4.377528373
Onkaparinga,40304,40304,2016,168041,35457,0.747464288,2830,21.10020769,7.981498717,1.684112806
Charles Sturt,40401,40401,2016,108691,29606,0.925625487,4752,27.23868582,16.05080051,4.372027123
Port Adelaide - West,40402,40402,2016,57965,16658,0.907063461,2472,28.73803157,14.83971665,4.264642457
West Torrens,40403,40403,2016,61086,18442,0.927740424,4951,30.19022362,26.84632903,8.104966768
Barossa,40501,40501,2016,35496,3930,0.690428944,207,11.07167005,5.267175573,0.5831643
Lower North,40502,40502,2016,22545,2157,0.737906513,190,9.567531603,8.808530366,0.842758927
Mid North,40503,40503,2016,27268,2088,0.840068591,177,7.65732727,8.477011494,0.649112513
Yorke Peninsula,40504,40504,2016,25202,2309,0.713386393,88,9.161971272,3.811173668,0.349178637
Eyre Peninsula and South West,40601,40601,2016,56613,6339,0.832784157,518,11.19707488,8.171635905,0.914984191
Outback - North and East,40602,40602,2016,26203,2356,0.908966306,344,8.99133687,14.60101868,1.312826776
Fleurieu - Kangaroo Island,40701,40701,2016,50397,8475,0.660907803,365,16.81647717,4.306784661,0.724249459
Limestone Coast,40702,40702,2016,64788,6442,0.902867234,1124,9.943199358,17.44799752,1.734889177
Murray and Mallee,40703,40703,2016,69554,8138,0.904901055,1408,11.70026167,17.30154829,2.024326423
Migratory - Offshore - Shipping (SA),49797,49797,2016,3,3,0,0,100,0,0
No usual address (SA),49999,49999,2016,2863,596,0.903911986,232,20.81732448,38.9261745,8.103388054
Augusta - Margaret River - Busselton,50101,50101,2016,50875,9678,0.807429569,1228,19.02309582,12.68857202,2.413759214
Bunbury,50102,50102,2016,102644,19385,0.86150325,2988,18.88566307,15.41397988,2.911032306
Manjimup,50103,50103,2016,22815,3960,0.780442812,255,17.35700197,6.439393939,1.117685733
Mandurah,50201,50201,2016,96736,25115,0.789046324,3693,25.96241317,14.70435994,3.817606682
Cottesloe - Claremont,50301,50301,2016,67634,21349,0.910099085,5085,31.56548482,23.81844583,7.518407901
Perth City,50302,50302,2016,101666,39121,0.932612347,11954,38.47992446,30.55647862,11.75810989
Bayswater - Bassendean,50401,50401,2016,80443,29790,0.937109226,5589,37.0324329,18.76132931,6.947776687
Mundaring,50402,50402,2016,42032,10134,0.811151217,690,24.11020175,6.808762581,1.641606395
Swan,50403,50403,2016,128540,42435,0.915918194,6211,33.01306986,14.63650289,4.831958923
Joondalup,50501,50501,2016,154730,58477,0.818039261,8012,37.79292962,13.70111326,5.178052091
Stirling,50502,50502,2016,192425,72428,0.935516929,14711,37.63959984,20.31120561,7.645056516
Wanneroo,50503,50503,2016,187960,76777,0.865335371,11848,40.84752075,15.43170481,6.303468823
Armadale,50601,50601,2016,79602,27549,0.89102582,4334,34.60842692,15.73196849,5.444586819
Belmont - Victoria Park,50602,50602,2016,70718,28505,0.943493445,8042,40.30798382,28.21259428,11.37192794
Canning,50603,50603,2016,93597,46629,0.931208026,12355,49.81890445,26.49638637,13.20020941
Gosnells,50604,50604,2016,118073,51035,0.933226874,9982,43.22326019,19.55912609,8.45409196
Kalamunda,50605,50605,2016,57449,16654,0.867366418,1801,28.98919041,10.81421881,3.134954481
Serpentine - Jarrahdale,50606,50606,2016,26873,6797,0.826941431,850,25.29304506,12.50551714,3.163026086
South Perth,50607,50607,2016,42042,15134,0.934128298,3609,35.997336,23.84696709,8.58427287
Cockburn,50701,50701,2016,102028,34661,0.918241603,6210,33.97204689,17.91639018,6.086564472
Fremantle,50702,50702,2016,36605,10455,0.870286809,1553,28.5616719,14.85413678,4.24258981
Kwinana,50703,50703,2016,38918,13362,0.891102663,2546,34.33372732,19.05403383,6.541960019
Melville,50704,50704,2016,100677,34778,0.923338472,5302,34.5441362,15.24527,5.266346832
Rockingham,50705,50705,2016,125114,39570,0.776964625,6353,31.62715603,16.05509224,5.077769075
Albany,50901,50901,2016,59173,10980,0.829291708,1112,18.55576023,10.12750455,1.879235462
Wheat Belt - North,50902,50902,2016,55935,9755,0.832140534,1189,17.43988558,12.18862122,2.125681595
Wheat Belt - South,50903,50903,2016,20245,2549,0.83057641,327,12.59076315,12.82856022,1.615213633
Kimberley,51001,51001,2016,34364,4167,0.902922611,1024,12.12606216,24.57403408,2.979862647
East Pilbara,51002,51002,2016,25055,5081,0.863996951,1249,20.27938535,24.58177524,4.985032928
West Pilbara,51003,51003,2016,34497,7893,0.878050173,1796,22.88025046,22.75433929,5.206249819
Esperance,51101,51101,2016,15971,2045,0.84151386,269,12.80445808,13.15403423,1.684302799
Gascoyne,51102,51102,2016,9485,1594,0.904043394,321,16.80548234,20.13801757,3.384290986
Goldfields,51103,51103,2016,39097,8556,0.842006714,1879,21.88403202,21.96119682,4.805995345
Mid West,51104,51104,2016,54019,7732,0.867788819,1224,14.31348229,15.83031557,2.265869416
Migratory - Offshore - Shipping (WA),59797,59797,2016,434,161,0.865938814,46,37.09677419,28.57142857,10.59907834
No usual address (WA),59999,59999,2016,5950,1455,0.876658518,469,24.45378151,32.23367698,7.882352941
Brighton,60101,60101,2016,17072,849,0.853833444,50,4.973055295,5.889281508,0.292877226
Hobart - North East,60102,60102,2016,52606,5328,0.852013683,515,10.12812227,9.665915916,0.978975782
Hobart - North West,60103,60103,2016,53154,6182,0.905344787,1240,11.63035708,20.05823358,2.332844189
Hobart - South and West,60104,60104,2016,32879,5395,0.848427293,471,16.4086499,8.730305839,1.43252532
Hobart Inner,60105,60105,2016,50558,11460,0.920500474,3268,22.66703588,28.51657941,6.463863286
Sorell - Dodges Ferry,60106,60106,2016,16083,1456,0.79800994,74,9.053037369,5.082417582,0.460113163
Launceston,60201,60201,2016,80916,10171,0.904097672,2324,12.5698255,22.84927736,2.872114291
Meander Valley - West Tamar,60202,60202,2016,22448,2612,0.75199603,114,11.63578047,4.364471669,0.507840342
North East,60203,60203,2016,37118,3514,0.78178691,180,9.467104909,5.122367672,0.484939921
Central Highlands (Tas.),60301,60301,2016,11224,823,0.734033239,24,7.332501782,2.916160389,0.213827512
Huon - Bruny Island,60302,60302,2016,19144,2932,0.780980068,158,15.31550355,5.388813097,0.825323861
South East Coast,60303,60303,2016,6746,710,0.802979568,70,10.52475541,9.85915493,1.037651942
Burnie - Ulverstone,60401,60401,2016,47530,3979,0.818001722,308,8.371554807,7.740638351,0.648011782
Devonport,60402,60402,2016,44254,3966,0.809046716,333,8.961901749,8.396369138,0.752474353
West Coast,60403,60403,2016,17238,1617,0.851518479,156,9.380438566,9.647495362,0.904977376
Migratory - Offshore - Shipping (Tas.),69797,69797,2016,68,9,0.666666667,6,13.23529412,66.66666667,8.823529412
No usual address (Tas.),69999,69999,2016,912,129,0.851631513,49,14.14473684,37.98449612,5.372807018
Darwin City,70101,70101,2016,25836,8330,0.940796352,3123,32.2418331,37.4909964,12.08778449
Darwin Suburbs,70102,70102,2016,53762,16762,0.925388135,4315,31.17815557,25.74275146,8.0261151
Litchfield,70103,70103,2016,23528,2960,0.895031045,306,12.58075485,10.33783784,1.300578035
Palmerston,70104,70104,2016,33695,6852,0.908589249,1617,20.33536133,23.59894921,4.798931592
Alice Springs,70201,70201,2016,36077,6363,0.919548518,1970,17.63727583,30.96023888,5.460542728
Barkly,70202,70202,2016,5536,491,0.909959723,135,8.869219653,27.49490835,2.438583815
Daly - Tiwi - West Arnhem,70203,70203,2016,16105,915,0.908377079,207,5.681465383,22.62295082,1.28531512
East Arnhem,70204,70204,2016,13014,783,0.868800451,110,6.01659751,14.04853129,0.845243584
Katherine,70205,70205,2016,18710,1434,0.915337617,315,7.664350615,21.9665272,1.683591662
Migratory - Offshore - Shipping (NT),79797,79797,2016,70,41,0.55205235,33,58.57142857,80.48780488,47.14285714
No usual address (NT),79999,79999,2016,2489,385,0.852852083,138,15.46805946,35.84415584,5.544395339
Belconnen,80101,80101,2016,96049,24823,0.93446836,5539,25.84410041,22.313983,5.766848171
Canberra East,80103,80103,2016,1578,261,0.912229709,24,16.53992395,9.195402299,1.520912548
Gungahlin,80104,80104,2016,71142,23660,0.927285323,4738,33.2574288,20.02535926,6.659919597
North Canberra,80105,80105,2016,53002,15776,0.930063389,5771,29.76491453,36.58088235,10.88826837
South Canberra,80106,80106,2016,27007,6847,0.935678021,1259,25.35268634,18.38761501,4.66175436
Tuggeranong,80107,80107,2016,85154,16619,0.926295574,1687,19.51640557,10.15103195,1.981116565
Weston Creek,80108,80108,2016,22988,4739,0.92400553,567,20.61510353,11.96454948,2.466504263
Woden Valley,80109,80109,2016,34760,10425,0.928218383,2446,29.99136939,23.46282974,7.036823936
Molonglo,80110,80110,2016,4578,1453,0.923099513,284,31.73875055,19.54576738,6.20358235
Urriarra - Namadgi,80111,80111,2016,599,58,0.83412604,14,9.682804674,24.13793103,2.337228715
Migratory - Offshore - Shipping (ACT),89797,89797,2016,0,0,,0,,,
No usual address (ACT),89999,89999,2016,538,104,0.896634615,40,19.33085502,38.46153846,7.434944238
Christmas Island,90101,90101,2016,1843,828,0.784172326,65,44.92674986,7.850241546,3.526858383
Cocos (Keeling) Islands,90102,90102,2016,544,43,0.567874527,0,7.904411765,0,0
Jervis Bay,90103,90103,2016,391,14,0,0,3.58056266,0,0
Norfolk Island,90104,90104,2016,1748,534,0.653544025,83,30.54919908,15.54307116,4.748283753
Migratory - Offshore - Shipping (OT),99797,99797,2016,6,0,,0,0,,0
No usual address (OT),99999,99999,2016,55,21,0.702947846,6,38.18181818,28.57142857,10.90909091