SA2_CODE,SA2_NAME,IRSAD_SCORE,IRSAD_DECILE
101021007,Braidwood,1001.0,6.0
101021008,Karabar,982.0,5.0
101021009,Queanbeyan,998.0,6.0
101021010,Queanbeyan - East,1015.0,6.0
101021012,Queanbeyan West - Jerrabomberra,1107.0,9.0
101021610,Googong,1154.0,10.0
101021611,Queanbeyan Surrounds,1105.0,9.0
101031013,Bombala,935.0,3.0
101031014,Cooma,953.0,4.0
101031015,Cooma Surrounds,1007.0,6.0
101031016,Jindabyne - Berridale,1025.0,7.0
101041017,Batemans Bay,909.0,2.0
101041018,Batemans Bay - South,954.0,4.0
101041019,Bega - Tathra,942.0,3.0
101041020,Bega-Eden Hinterland,954.0,4.0
101041021,Broulee - Tomakin,1002.0,6.0
101041022,Deua - Wadbilliga,929.0,3.0
101041023,Eden,880.0,1.0
101041024,Eurobodalla Hinterland,954.0,4.0
101041025,Merimbula - Tura Beach,970.0,4.0
101041026,Moruya - Tuross Head,949.0,3.0
101041027,Narooma - Bermagui,946.0,3.0
101051539,Goulburn,933.0,3.0
101051540,Goulburn Surrounds,987.0,5.0
101061541,Yass,992.0,5.0
101061542,Yass Surrounds,1092.0,9.0
101061543,Young,912.0,2.0
101061544,Young Surrounds,948.0,3.0
102011028,Avoca Beach - Copacabana,1084.0,9.0
102011029,Box Head - MacMasters Beach,1051.0,8.0
102011030,Calga - Kulnura,1021.0,6.0
102011031,Erina - Green Point,1028.0,7.0
102011032,Gosford - Springfield,986.0,5.0
102011033,Kariong,1012.0,6.0
102011034,Kincumber - Picketts Valley,992.0,5.0
102011035,Narara,1006.0,6.0
102011036,Niagara Park - Lisarow,1024.0,7.0
102011037,Point Clare - Koolewong,1025.0,7.0
102011038,Saratoga - Davistown,1028.0,7.0
102011039,Terrigal - North Avoca,1085.0,9.0
102011040,Umina - Booker Bay - Patonga,965.0,4.0
102011041,Wamberal - Forresters Beach,1077.0,9.0
102011042,Woy Woy - Blackwall,946.0,3.0
102011043,Wyoming,959.0,4.0
102021044,Bateau Bay - Killarney Vale,966.0,4.0
102021045,Blue Haven - San Remo,886.0,1.0
102021046,Budgewoi - Buff Point - Halekula,918.0,2.0
102021047,Chittaway Bay - Tumbi Umbi,988.0,5.0
102021048,Gorokan - Kanwal - Charmhaven,891.0,1.0
102021049,Jilliby - Yarramalong,1060.0,8.0
102021050,Lake Munmorah - Mannering Park,906.0,2.0
102021051,Ourimbah - Fountaindale,1031.0,7.0
102021052,Summerland Point - Gwandalan,935.0,3.0
102021053,The Entrance,935.0,3.0
102021054,Toukley - Norah Head,914.0,2.0
102021055,Tuggerah - Kangy Angy,996.0,5.0
102021056,Warnervale - Wadalba,992.0,5.0
102021057,Wyong,892.0,1.0
103011059,Bathurst - East,957.0,4.0
103011060,Bathurst Surrounds,1019.0,6.0
103011061,Oberon,934.0,3.0
103011612,Bathurst - South,929.0,3.0
103011613,Bathurst - West,982.0,5.0
103021062,Condobolin,934.0,3.0
103021063,Cowra,890.0,1.0
103021064,Cowra Surrounds,949.0,3.0
103021065,Forbes,940.0,3.0
103021066,Grenfell,942.0,3.0
103021067,Parkes (NSW),918.0,2.0
103021068,Parkes Surrounds,940.0,3.0
103021069,West Wyalong,958.0,4.0
103031070,Lithgow,892.0,1.0
103031071,Lithgow Surrounds,940.0,3.0
103031072,Mudgee,960.0,4.0
103031073,Mudgee Surrounds - East,885.0,1.0
103031074,Mudgee Surrounds - West,953.0,4.0
103041076,Blayney,963.0,4.0
103041077,Orange,942.0,3.0
103041078,Orange - North,1005.0,6.0
103041079,Orange Surrounds,1020.0,6.0
104011080,Grafton,884.0,1.0
104011081,Grafton Surrounds,916.0,2.0
104011082,Maclean - Yamba - Iluka,933.0,3.0
104021083,Bellingen,979.0,5.0
104021084,Coffs Harbour - North,928.0,3.0
104021085,Coffs Harbour - South,925.0,2.0
104021086,Coramba - Nana Glen - Bucca,982.0,5.0
104021087,Dorrigo,928.0,3.0
104021088,Korora - Emerald Beach,1034.0,7.0
104021089,Sawtell - Boambee,949.0,3.0
104021090,Urunga,939.0,3.0
104021091,Woolgoolga - Arrawarra,956.0,4.0
105011092,Bourke - Brewarrina,929.0,3.0
105011093,Cobar,937.0,3.0
105011094,Coonamble,902.0,2.0
105011095,Nyngan - Warren,939.0,3.0
105011096,Walgett - Lightning Ridge,894.0,2.0
105021097,Broken Hill,892.0,1.0
105021098,Far West,909.0,2.0
105031099,Coonabarabran,911.0,2.0
105031100,Dubbo - East,946.0,3.0
105031101,Dubbo - South,974.0,5.0
105031102,Dubbo - West,953.0,4.0
105031103,Dubbo Surrounds,1009.0,6.0
105031104,Gilgandra,916.0,2.0
105031105,Narromine,936.0,3.0
105031106,Wellington,907.0,2.0
106011107,Branxton - Greta - Pokolbin,990.0,5.0
106011108,Cessnock,869.0,1.0
106011109,Cessnock Surrounds,968.0,4.0
106011110,Dungog,974.0,5.0
106011111,Kurri Kurri - Abermain,889.0,1.0
106011112,Singleton,948.0,3.0
106011113,Singleton Surrounds,980.0,5.0
106021114,Maitland,964.0,4.0
106021116,Maitland - North,1044.0,7.0
106021614,East Maitland - Metford,956.0,4.0
106021615,Rutherford (North) - Aberglassly,955.0,4.0
106021616,Rutherford (South) - Telarah,893.0,2.0
106021617,Tenambit - East Maitland,953.0,4.0
106021618,Thornton - Millers Forest,1007.0,6.0
106031119,Anna Bay,967.0,4.0
106031120,Lemon Tree Passage - Tanilba Bay,897.0,2.0
106031121,Nelson Bay Peninsula,973.0,5.0
106031122,Raymond Terrace,872.0,1.0
106031123,Seaham - Woodville,1030.0,7.0
106031124,Tea Gardens - Hawks Nest,955.0,4.0
106031125,Williamtown - Medowie - Karuah,973.0,4.0
106041126,Muswellbrook,891.0,1.0
106041127,Muswellbrook Surrounds,959.0,4.0
106041128,Scone,947.0,3.0
106041129,Scone Surrounds,941.0,3.0
107011131,Dapto - Avondale,940.0,3.0
107011132,Horsley - Kembla Grange,1027.0,7.0
107011134,Unanderra - Mount Kembla,1003.0,6.0
107011545,Berkeley - Lake Heights - Cringi,885.0,1.0
107011546,Port Kembla - Warrawong,870.0,1.0
107011547,Windang - Primbee,912.0,2.0
107031136,Albion Park - Macquarie Pass,1000.0,6.0
107031137,Albion Park Rail,900.0,2.0
107031138,Kiama,1052.0,8.0
107031139,Kiama Downs - Minnamurra,1061.0,8.0
107031140,Kiama Hinterland - Gerringong,1071.0,8.0
107031141,Shellharbour - Flinders,1034.0,7.0
107031142,Shellharbour - Oak Flats,957.0,4.0
107031143,Warilla,883.0,1.0
107041144,Balgownie - Fairy Meadow,1012.0,6.0
107041145,Corrimal - Tarrawanna - Bellambi,964.0,4.0
107041146,Figtree - Keiraville,1045.0,7.0
107041147,Helensburgh,1083.0,9.0
107041148,Thirroul - Austinmer - Coalcliff,1114.0,10.0
107041150,Woonona - Bulli - Russell Vale,1042.0,7.0
107041548,Wollongong - East,1035.0,7.0
107041549,Wollongong - West,1009.0,6.0
108011151,Bulahdelah - Stroud,915.0,2.0
108011152,Forster,920.0,2.0
108011153,Forster-Tuncurry Surrounds,937.0,3.0
108011154,Tuncurry,876.0,1.0
108021155,Kempsey,845.0,1.0
108021156,Kempsey Surrounds,915.0,2.0
108021157,Macksville - Scotts Head,902.0,2.0
108021158,Nambucca Heads,863.0,1.0
108021159,Nambucca Heads Surrounds,925.0,2.0
108021160,South West Rocks,918.0,2.0
108031161,Lord Howe Island,1014.0,6.0
108041162,Laurieton - Bonny Hills,942.0,3.0
108041164,Port Macquarie - West,943.0,3.0
108041165,Port Macquarie Surrounds,960.0,4.0
108041166,Wauchope,931.0,3.0
108041619,Port Macquarie - East,990.0,5.0
108041620,Port Macquarie - South,994.0,5.0
108051167,Gloucester,913.0,2.0
108051168,Old Bar - Manning Point - Red He,973.0,4.0
108051169,Taree,861.0,1.0
108051170,Taree Surrounds,925.0,2.0
108051171,Wingham,872.0,1.0
109011172,Albury - East,1008.0,6.0
109011173,Albury - North,910.0,2.0
109011174,Albury - South,988.0,5.0
109011175,Albury Surrounds,979.0,5.0
109011176,Lavington,872.0,1.0
109021177,Hay,927.0,3.0
109021178,Wentworth - Buronga,945.0,3.0
109021179,Wentworth-Balranald Region,945.0,3.0
109031180,Corowa,906.0,2.0
109031181,Corowa Surrounds,942.0,3.0
109031182,Deniliquin,922.0,2.0
109031183,Deniliquin Surrounds,964.0,4.0
109031184,Moama,979.0,5.0
109031185,Tocumwal - Finley - Jerilderie,931.0,3.0
110011186,Armidale,977.0,5.0
110011187,Armidale Surrounds - North,960.0,4.0
110011188,Armidale Surrounds - South,979.0,5.0
110011189,Walcha,972.0,4.0
110021190,Glen Innes,891.0,1.0
110021191,Inverell,896.0,2.0
110021192,Inverell Surrounds - East,910.0,2.0
110021193,Inverell Surrounds - West,933.0,3.0
110021194,Tenterfield,903.0,2.0
110031195,Moree,914.0,2.0
110031196,Moree Surrounds,969.0,4.0
110031197,Narrabri,936.0,3.0
110031198,Narrabri Surrounds,950.0,4.0
110041199,Gunnedah,925.0,2.0
110041200,Gunnedah Surrounds,957.0,4.0
110041201,Quirindi,905.0,2.0
110041202,Tamworth - East,923.0,2.0
110041203,Tamworth - North,966.0,4.0
110041204,Tamworth - West,810.0,1.0
110041205,Tamworth Surrounds,965.0,4.0
111011206,Belmont - Bennetts Green,977.0,5.0
111011207,Belmont South - Blacksmiths,925.0,2.0
111011208,Charlestown - Dudley,1010.0,6.0
111011209,Glendale - Cardiff - Hillsboroug,991.0,5.0
111011210,Mount Hutton - Windale,869.0,1.0
111011211,Redhead,1035.0,7.0
111011212,Swansea - Caves Beach,980.0,5.0
111011213,Valentine - Eleebana,1069.0,8.0
111011214,Warners Bay - Boolaroo,1011.0,6.0
111021215,Bolton Point - Teralba,939.0,3.0
111021216,Bonnells Bay - Silverwater,963.0,4.0
111021217,Edgeworth - Cameron Park,991.0,5.0
111021218,Morisset - Cooranbong,960.0,4.0
111021219,Toronto - Awaba,956.0,4.0
111021220,Wangi Wangi - Rathmines,988.0,5.0
111021221,West Wallsend - Barnsley - Killi,944.0,3.0
111031222,Adamstown - Kotara,1054.0,8.0
111031223,Beresfield - Hexham,863.0,1.0
111031224,Hamilton - Broadmeadow,1020.0,6.0
111031225,Lambton - New Lambton,1033.0,7.0
111031226,Maryland - Fletcher - Minmi,1015.0,6.0
111031227,Mayfield - Warabrook,982.0,5.0
111031228,Merewether - The Junction,1102.0,9.0
111031229,Newcastle - Cooks Hill,1080.0,9.0
111031231,Shortland - Jesmond,930.0,3.0
111031232,Stockton - Fullerton Cove,990.0,5.0
111031233,Wallsend - Elermore Vale,961.0,4.0
111031234,Waratah - North Lambton,987.0,5.0
111031235,Wickham - Carrington - Tighes Hi,1045.0,7.0
112011236,Ballina,953.0,4.0
112011237,Ballina Surrounds,1003.0,6.0
112011238,Bangalow,1077.0,9.0
112011239,Brunswick Heads - Ocean Shores,998.0,6.0
112011240,Byron Bay,1047.0,7.0
112011241,Evans Head,926.0,3.0
112011242,Lennox Head - Skennars Head,1068.0,8.0
112011243,Mullumbimby,995.0,5.0
112021244,Casino,862.0,1.0
112021245,Casino Surrounds,912.0,2.0
112021246,Goonellabah,940.0,3.0
112021247,Kyogle,912.0,2.0
112021248,Lismore,904.0,2.0
112021249,Lismore Surrounds,990.0,5.0
112031250,Kingscliff - Fingal Head,1024.0,7.0
112031251,Murwillumbah,914.0,2.0
112031252,Murwillumbah Surrounds,973.0,4.0
112031253,Pottsville,997.0,5.0
112031254,Tweed Heads,949.0,3.0
112031550,Banora Point,960.0,4.0
112031551,Terranora - North Tumbulgum,1041.0,7.0
112031552,Tweed Heads South,896.0,2.0
113011256,Griffith (NSW),938.0,3.0
113011257,Griffith Surrounds,969.0,4.0
113011258,Leeton,921.0,2.0
113011259,Narrandera,910.0,2.0
113021260,Tumbarumba,936.0,3.0
113021261,Tumut,899.0,2.0
113021262,Tumut Surrounds,947.0,3.0
113031263,Cootamundra,920.0,2.0
113031264,Gundagai,939.0,3.0
113031265,Junee,915.0,2.0
113031266,Temora,933.0,3.0
113031267,Wagga Wagga - East,984.0,5.0
113031268,Wagga Wagga - North,1027.0,7.0
113031269,Wagga Wagga - South,947.0,3.0
113031270,Wagga Wagga - West,926.0,3.0
113031271,Wagga Wagga Surrounds,999.0,6.0
114011272,Berry - Kangaroo Valley,1031.0,7.0
114011273,Callala Bay - Currarong,969.0,4.0
114011274,Culburra Beach,950.0,3.0
114011275,Ettrema - Sassafras - Budawang,1085.0,9.0
114011276,Huskisson - Vincentia,1037.0,7.0
114011277,North Nowra - Bomaderry,958.0,4.0
114011278,Nowra,900.0,2.0
114011279,St Georges Basin - Erowal Bay,911.0,2.0
114011280,Sussex Inlet - Berrara,907.0,2.0
114011281,Tomerong - Wandandian - Woollami,999.0,6.0
114011282,Ulladulla,954.0,4.0
114011283,Ulladulla Surrounds,964.0,4.0
114021284,Bowral,1073.0,8.0
114021285,Hill Top - Colo Vale,982.0,5.0
114021286,Mittagong,1016.0,6.0
114021287,Moss Vale - Berrima,1004.0,6.0
114021288,Robertson - Fitzroy Falls,1062.0,8.0
114021289,Southern Highlands,1040.0,7.0
115011290,Baulkham Hills - East,1106.0,9.0
115011291,Baulkham Hills (West) - Bella Vi,1140.0,10.0
115011294,Glenhaven,1138.0,10.0
115011296,West Pennant Hills,1161.0,10.0
115011553,Castle Hill - Central,1115.0,10.0
115011554,Castle Hill - East,1089.0,9.0
115011555,Castle Hill - North,1131.0,10.0
115011556,Castle Hill - South,1124.0,10.0
115011557,Castle Hill - West,1164.0,10.0
115011558,Cherrybrook,1152.0,10.0
115011621,Kellyville - East,1138.0,10.0
115011622,Kellyville - West,1163.0,10.0
115021297,Dural - Kenthurst - Wisemans Fer,1102.0,9.0
115021298,Galston - Laughtondale,1103.0,9.0
115031299,Bilpin - Colo - St Albans,1014.0,6.0
115031300,Kurrajong Heights - Ebenezer,1041.0,7.0
115041301,Pitt Town - McGraths Hill,1048.0,8.0
115041623,Box Hill - Nelson,1152.0,10.0
115041624,North Kellyville,1167.0,10.0
115041625,Rouse Hill - Beaumont Hills,1141.0,10.0
116011303,Blacktown (East) - Kings Park,968.0,4.0
116011304,Blacktown (North) - Marayong,967.0,4.0
116011306,Doonside - Woodcroft,978.0,5.0
116011307,Lalor Park - Kings Langley,1012.0,6.0
116011560,Blacktown - South,965.0,4.0
116011561,Blacktown - West,969.0,4.0
116011626,Seven Hills - Prospect,1009.0,6.0
116011627,Toongabbie - West,1009.0,6.0
116021309,Glenwood,1120.0,10.0
116021562,Acacia Gardens,1096.0,9.0
116021563,Quakers Hill,1057.0,8.0
116021628,Kellyville Ridge - The Ponds,1144.0,10.0
116021629,Marsden Park - Shanes Park,1125.0,10.0
116021630,Riverstone,1036.0,7.0
116021631,Schofields (West) - Colebee,1140.0,10.0
116021632,Schofields - East,1130.0,10.0
116021633,Stanhope Gardens - Parklea,1120.0,10.0
116031313,Bidwill - Hebersham - Emerton,807.0,1.0
116031314,Glendenning - Dean Park,967.0,4.0
116031315,Hassall Grove - Plumpton,978.0,5.0
116031316,Lethbridge Park - Tregear,861.0,1.0
116031317,Mount Druitt - Whalan,883.0,1.0
116031319,Rooty Hill - Minchinbury,974.0,5.0
117011320,Banksmeadow,1145.0,10.0
117011321,Botany,1082.0,9.0
117011323,Pagewood - Hillsdale - Daceyvill,1030.0,7.0
117011634,Eastlakes,976.0,5.0
117011635,Mascot,1097.0,9.0
117021327,Petersham - Stanmore,1130.0,10.0
117021328,Sydenham - Tempe - St Peters,1116.0,10.0
117021636,Marrickville - North,1106.0,9.0
117021637,Marrickville - South,1069.0,8.0
117031329,Darlinghurst,1155.0,10.0
117031330,Erskineville - Alexandria,1179.0,10.0
117031331,Glebe - Forest Lodge,1110.0,9.0
117031333,Potts Point - Woolloomooloo,1134.0,10.0
117031336,Surry Hills,1138.0,10.0
117031638,Camperdown - Darlington,1164.0,10.0
117031639,Chippendale,1128.0,10.0
117031640,Newtown (NSW),1143.0,10.0
117031641,Pyrmont,1128.0,10.0
117031642,Redfern,1080.0,9.0
117031643,Rosebery - Beaconsfield,1142.0,10.0
117031644,Sydney (North) - Millers Point,1166.0,10.0
117031645,Sydney (South) - Haymarket,1083.0,9.0
117031646,Ultimo,1074.0,8.0
117031647,Waterloo,1074.0,9.0
117031648,Zetland,1157.0,10.0
118011339,Bondi - Tamarama - Bronte,1167.0,10.0
118011340,Bondi Beach - North Bondi,1170.0,10.0
118011341,Bondi Junction - Waverly,1152.0,10.0
118011344,Dover Heights,1161.0,10.0
118011345,Paddington - Moore Park,1173.0,10.0
118011346,Rose Bay - Vaucluse - Watsons Ba,1175.0,10.0
118011347,Woollahra,1176.0,10.0
118011649,Bellevue Hill,1179.0,10.0
118011650,Double Bay - Darling Point,1169.0,10.0
118021564,Kensington (NSW),1122.0,10.0
118021565,Kingsford,1089.0,9.0
118021566,Maroubra - North,1127.0,10.0
118021567,Maroubra - South,1053.0,8.0
118021568,Maroubra - West,1096.0,9.0
118021569,Randwick - North,1150.0,10.0
118021570,Randwick - South,1148.0,10.0
118021651,Coogee - Clovelly,1178.0,10.0
118021652,Malabar - La Perouse,1080.0,9.0
118021653,Matraville - Chifley,1050.0,8.0
118021654,South Coogee,1065.0,8.0
119011354,Bass Hill - Georges Hall,934.0,3.0
119011355,Chullora,1070.0,8.0
119011356,Condell Park,960.0,4.0
119011358,Padstow,1028.0,7.0
119011360,Revesby,1012.0,6.0
119011361,Yagoona - Birrong,930.0,3.0
119011571,Bankstown - North,917.0,2.0
119011572,Bankstown - South,910.0,2.0
119011655,Greenacre - North,949.0,3.0
119011656,Greenacre - South,948.0,3.0
119011657,Panania (North) - Milperra,1035.0,7.0
119011658,Panania (South) - Picnic Point,1058.0,8.0
119021362,Belmore - Belfield,976.0,5.0
119021366,Punchbowl,909.0,2.0
119021367,Roselands,999.0,6.0
119021573,Lakemba,877.0,1.0
119021574,Wiley Park,897.0,2.0
119021659,Campsie - North,953.0,4.0
119021660,Campsie - South,921.0,2.0
119021661,Canterbury - South,1019.0,6.0
119021662,Earlwood,1072.0,8.0
119021663,Kingsgrove - North,1026.0,7.0
119031370,Narwee - Beverly Hills,1007.0,6.0
119031371,Oatley - Hurstville Grove,1110.0,9.0
119031372,Peakhurst - Lugarno,1063.0,8.0
119031373,Riverwood,922.0,2.0
119031374,South Hurstville - Blakehurst,1057.0,8.0
119031664,Hurstville - Central,1001.0,6.0
119031665,Hurstville - North,1028.0,7.0
119031666,Mortdale - Oatley,1084.0,9.0
119031667,Penshurst,1014.0,6.0
119041377,Kingsgrove (South) - Bardwell Pa,1055.0,8.0
119041378,Kogarah,1045.0,7.0
119041379,Kogarah Bay - Carlton - Allawah,1038.0,7.0
119041380,Monterey - Brighton-le-Sands - K,1032.0,7.0
119041381,Rockdale - Banksia,1013.0,6.0
119041382,Sans Souci - Ramsgate,1049.0,8.0
119041668,Arncliffe - Bardwell Valley,1034.0,7.0
119041669,Bexley - North,1027.0,7.0
119041670,Bexley - South,1012.0,6.0
119041671,Wolli Creek,1115.0,10.0
120011383,Concord - Mortlake - Cabarita,1113.0,10.0
120011385,Drummoyne - Rodd Point,1139.0,10.0
120011386,Five Dock - Abbotsford,1110.0,9.0
120011672,Concord West - North Strathfield,1098.0,9.0
120011673,Rhodes,1134.0,10.0
120021387,Balmain,1161.0,10.0
120021389,Lilyfield - Rozelle,1155.0,10.0
120021674,Annandale (NSW),1159.0,10.0
120021675,Leichhardt,1143.0,10.0
120031392,Canterbury (North) - Ashbury,1077.0,9.0
120031393,Croydon Park - Enfield,1056.0,8.0
120031394,Dulwich Hill - Lewisham,1106.0,9.0
120031395,Haberfield - Summer Hill,1124.0,10.0
120031396,Homebush,1048.0,8.0
120031576,Strathfield South,1069.0,8.0
120031676,Ashfield - North,1052.0,8.0
120031677,Ashfield - South,1067.0,8.0
120031678,Burwood (NSW),1038.0,7.0
120031679,Croydon,1069.0,8.0
120031680,Strathfield - East,1063.0,8.0
120031681,Strathfield - West,1131.0,10.0
121011399,Chatswood (West) - Lane Cove Nor,1137.0,10.0
121011401,St Leonards - Naremburn,1170.0,10.0
121011682,Artarmon,1127.0,10.0
121011683,Castle Cove - Northbridge,1184.0,10.0
121011684,Chatswood - East,1111.0,9.0
121011685,Greenwich - Riverview,1188.0,10.0
121011686,Lane Cove,1155.0,10.0
121011687,Willoughby,1147.0,10.0
121021403,Asquith - Mount Colah,1107.0,9.0
121021404,Berowra - Brooklyn - Cowan,1107.0,9.0
121021406,Normanhurst - Thornleigh - Westl,1134.0,10.0
121021577,Hornsby - East,1041.0,7.0
121021578,Hornsby - West,1102.0,9.0
121021579,Wahroonga (West) - Waitara,1095.0,9.0
121031407,Gordon - Killara,1150.0,10.0
121031408,Lindfield - Roseville,1169.0,10.0
121031409,Pymble,1177.0,10.0
121031410,St Ives,1162.0,10.0
121031411,Turramurra,1163.0,10.0
121031412,Wahroonga (East) - Warrawee,1171.0,10.0
121041413,Cremorne - Cammeray,1164.0,10.0
121041414,Crows Nest - Waverton,1167.0,10.0
121041416,Neutral Bay - Kirribilli,1150.0,10.0
121041417,North Sydney - Lavender Bay,1174.0,10.0
121041688,Mosman - North,1164.0,10.0
121041689,Mosman - South,1173.0,10.0
122011418,Balgowlah - Clontarf - Seaforth,1172.0,10.0
122011419,Manly - Fairlight,1170.0,10.0
122021420,Avalon - Palm Beach,1127.0,10.0
122021421,Bayview - Elanora Heights,1124.0,10.0
122021422,Newport - Bilgola,1131.0,10.0
122021690,Mona Vale - Warriewood (North),1105.0,9.0
122021691,North Narrabeen - Warriewood (So,1108.0,9.0
122031424,Beacon Hill - Narraweena,1083.0,9.0
122031425,Cromer,1103.0,9.0
122031427,Forestville - Killarney Heights,1135.0,10.0
122031429,Freshwater - Brookvale,1141.0,10.0
122031430,Manly Vale - Allambie Heights,1133.0,10.0
122031432,Terrey Hills - Duffys Forest,1123.0,10.0
122031692,Belrose,1132.0,10.0
122031693,Collaroy - Collaroy Plateau,1119.0,10.0
122031694,Dee Why (South) - North Curl Cur,1119.0,10.0
122031695,Dee Why - North,1063.0,8.0
122031696,Frenchs Forest - Oxford Falls,1147.0,10.0
122031697,Narrabeen - Wheeler Heights,1079.0,9.0
123011433,Camden - Ellis Lane,1028.0,7.0
123011698,Currans Hill,1007.0,6.0
123011699,Elderslie - Narellan,1037.0,7.0
123011700,Harrington Park,1088.0,9.0
123011701,Mount Annan,1026.0,7.0
123011702,Spring Farm,1051.0,8.0
123021436,Bradbury - Wedderburn,907.0,2.0
123021437,Campbelltown - Woodbine,961.0,4.0
123021438,Claymore - Eagle Vale - Raby,931.0,3.0
123021441,Leumeah - Minto Heights,943.0,3.0
123021443,Minto - St Andrews,942.0,3.0
123021444,Rosemeadow - Glen Alpine,933.0,3.0
123021703,Denham Court - Bardia,1090.0,9.0
123021704,Glenfield,1018.0,6.0
123021705,Ingleburn,967.0,4.0
123021706,Macquarie Fields,884.0,1.0
123031445,Bargo,977.0,5.0
123031446,Douglas Park - Appin,1060.0,8.0
123031447,Picton - Tahmoor - Buxton,991.0,5.0
123031448,The Oaks - Oakdale,1033.0,7.0
124011449,Blackheath - Megalong Valley,1010.0,6.0
124011450,Blaxland - Warrimoo - Lapstone,1080.0,9.0
124011452,Katoomba - Leura,997.0,6.0
124011453,Lawson - Hazelbrook - Linden,1022.0,7.0
124011454,Springwood - Winmalee,1056.0,8.0
124011455,Wentworth Falls,1036.0,7.0
124031457,Cambridge Park,951.0,4.0
124031459,Emu Plains - Leonay,1033.0,7.0
124031460,Glenmore Park - Regentville,1044.0,7.0
124031461,Jamisontown - South Penrith,972.0,4.0
124031462,Kingswood - Werrington,967.0,4.0
124031463,Mulgoa - Luddenham - Orchard Hil,1071.0,8.0
124031464,Penrith,939.0,3.0
124031465,Warragamba - Silverdale,1024.0,7.0
124031707,Cranebrook - Castlereagh,978.0,5.0
124031708,Jordan Springs - Llandilo,1061.0,8.0
124041466,Richmond - Clarendon,981.0,5.0
124041467,Windsor - Bligh Park,955.0,4.0
124041468,Yarramundi - Londonderry,994.0,5.0
124051469,Erskine Park,1008.0,6.0
124051470,St Clair,976.0,5.0
124051580,Colyton - Oxley Park,909.0,2.0
124051581,St Marys - North St Marys,892.0,1.0
125011582,Auburn - Central,905.0,2.0
125011583,Auburn - North,894.0,2.0
125011584,Auburn - South,930.0,3.0
125011585,Berala,940.0,3.0
125011586,Lidcombe,1014.0,6.0
125011587,Regents Park,929.0,3.0
125011709,Silverwater - Newington,1096.0,9.0
125011710,Wentworth Point - Sydney Olympic,1108.0,9.0
125021477,Ermington - Rydalmere,1045.0,7.0
125021478,Oatlands - Dundas Valley,1049.0,8.0
125021711,Carlingford - East,1100.0,9.0
125021712,Carlingford - West,1084.0,9.0
125031479,Chester Hill - Sefton,918.0,2.0
125031480,Fairfield - East,861.0,1.0
125031481,Granville - Clyde,932.0,3.0
125031483,Guildford - South Granville,880.0,1.0
125031484,Guildford West - Merrylands West,930.0,3.0
125031713,Greystanes - South,1013.0,6.0
125031714,Merrylands - Holroyd,942.0,3.0
125031715,Pemulwuy - Greystanes (North),1067.0,8.0
125031716,South Wentworthville,990.0,5.0
125041489,North Parramatta,1043.0,7.0
125041490,North Rocks,1120.0,10.0
125041491,Northmead,1061.0,8.0
125041493,Toongabbie - Constitution Hill,1036.0,7.0
125041494,Winston Hills,1098.0,9.0
125041588,Pendle Hill - Girraween,1026.0,7.0
125041589,Wentworthville - Westmead,1040.0,7.0
125041717,Parramatta - North,1087.0,9.0
125041718,Parramatta - South,1017.0,6.0
125041719,Rosehill - Harris Park,997.0,5.0
126011496,Pennant Hills - Cheltenham,1146.0,10.0
126011720,Epping (East) - North Epping,1131.0,10.0
126011721,Epping (NSW) - West,1115.0,10.0
126021498,Gladesville - Huntleys Point,1131.0,10.0
126021499,Hunters Hill - Woolwich,1165.0,10.0
126021500,Macquarie Park - Marsfield,1090.0,9.0
126021501,North Ryde - East Ryde,1121.0,10.0
126021503,West Ryde - Meadowbank,1090.0,9.0
126021590,Putney,1152.0,10.0
126021722,Denistone,1123.0,10.0
126021723,Eastwood,1084.0,9.0
126021724,Ryde - North,1072.0,8.0
126021725,Ryde - South,1107.0,9.0
127011504,Ashcroft - Busby - Miller,778.0,1.0
127011505,Austral - Greendale,1009.0,6.0
127011592,Badgerys Creek,1072.0,8.0
127011593,Cecil Hills,1022.0,7.0
127011594,Green Valley,925.0,2.0
127011595,Hinchinbrook,976.0,5.0
127011596,Hoxton Park - Carnes Hill - Horn,1006.0,6.0
127011597,West Hoxton - Middleton Grange,1033.0,7.0
127011726,Cobbitty - Bringelly,1071.0,8.0
127011727,Gledswood Hills - Gregory Hills,1085.0,9.0
127011728,Leppington - Catherine Field,1055.0,8.0
127011729,Oran Park,1062.0,8.0
127021509,Bonnyrigg Heights - Bonnyrigg,902.0,2.0
127021510,Bossley Park - Abbotsbury,961.0,4.0
127021511,Cabramatta - Lansvale,832.0,1.0
127021512,Cabramatta West - Mount Pritchar,878.0,1.0
127021513,Canley Vale - Canley Heights,864.0,1.0
127021514,Edensor Park,942.0,3.0
127021515,Fairfield,828.0,1.0
127021516,Fairfield - West,868.0,1.0
127021517,Greenfield Park - Prairiewood,911.0,2.0
127021518,Horsley Park - Kemps Creek,1036.0,7.0
127021519,Smithfield - Wetherill Park,894.0,2.0
127021520,St Johns Park - Wakeley,926.0,3.0
127031522,Casula,969.0,4.0
127031523,Chipping Norton - Moorebank,1036.0,7.0
127031524,Holsworthy - Wattle Grove,1068.0,8.0
127031599,Lurnea - Cartwright,835.0,1.0
127031601,Warwick Farm,862.0,1.0
127031730,Edmondson Park,1095.0,9.0
127031731,Liverpool - East,905.0,2.0
127031732,Liverpool - West,867.0,1.0
127031733,Prestons,1017.0,6.0
128011529,Gymea - Grays Point,1107.0,9.0
128011530,Miranda - Yowie Bay,1061.0,8.0
128011531,Sylvania - Taren Point,1077.0,9.0
128011602,Caringbah,1054.0,8.0
128011603,Caringbah South,1124.0,10.0
128011604,Cronulla - Kurnell - Bundeena,1088.0,9.0
128011605,Lilli Pilli - Port Hacking - Dol,1162.0,10.0
128011606,Woolooware - Burraneer,1129.0,10.0
128021533,Heathcote - Waterfall,1060.0,8.0
128021534,Illawong - Alfords Point,1109.0,9.0
128021535,Menai - Lucas Heights - Woronora,1099.0,9.0
128021536,Oyster Bay - Como - Jannali,1122.0,10.0
128021538,Sutherland - Kirrawee,1060.0,8.0
128021607,Engadine,1071.0,8.0
128021608,Loftus - Yarrawarrah,1095.0,9.0
128021609,Woronora Heights,1124.0,10.0
201011001,Alfredton,1011.0,6.0
201011002,Ballarat,1040.0,7.0
201011005,Buninyong,1040.0,7.0
201011006,Delacombe,947.0,3.0
201011007,Smythes Creek,1005.0,6.0
201011008,Wendouree - Miners Rest,886.0,1.0
201011481,Ballarat East - Warrenheip,940.0,3.0
201011482,Ballarat North - Invermay,1015.0,6.0
201011483,Canadian - Mount Clear,963.0,4.0
201011484,Sebastopol - Redan,861.0,1.0
201021009,Bacchus Marsh Surrounds,988.0,5.0
201021010,Creswick - Clunes,955.0,4.0
201021011,Daylesford,1011.0,6.0
201021012,Gordon (Vic.),1001.0,6.0
201031013,Avoca,918.0,2.0
201031014,Beaufort,939.0,3.0
201031015,Golden Plains - North,955.0,4.0
201031016,Maryborough (Vic.),854.0,1.0
201031017,Maryborough Surrounds,886.0,1.0
202011018,Bendigo,918.0,2.0
202011019,California Gully - Eaglehawk,888.0,1.0
202011020,East Bendigo - Kennington,986.0,5.0
202011021,Flora Hill - Spring Gully,981.0,5.0
202011022,Kangaroo Flat - Golden Square,921.0,2.0
202011023,Maiden Gully,1024.0,7.0
202011024,Strathfieldsaye,1050.0,8.0
202011025,White Hills - Ascot,961.0,4.0
202021026,Bendigo Surrounds - South,1025.0,7.0
202021027,Castlemaine,984.0,5.0
202021028,Castlemaine Surrounds,992.0,5.0
202021029,Heathcote,932.0,3.0
202021030,Kyneton,1019.0,6.0
202021031,Woodend,1064.0,8.0
202031032,Bendigo Surrounds - North,952.0,4.0
202031033,Loddon,925.0,2.0
203011034,Bannockburn,1014.0,6.0
203011035,Golden Plains - South,1002.0,6.0
203011036,Winchelsea,1026.0,7.0
203021037,Belmont,995.0,5.0
203021039,Geelong,1014.0,6.0
203021040,Geelong West - Hamlyn Heights,1022.0,7.0
203021042,Highton,1070.0,8.0
203021043,Lara,994.0,5.0
203021044,Leopold,983.0,5.0
203021045,Newcomb - Moolap,891.0,1.0
203021046,Newtown (Vic.),1081.0,9.0
203021047,North Geelong - Bell Park,956.0,4.0
203021485,Charlemont,1021.0,6.0
203021486,Corio - Lovely Banks,849.0,1.0
203021487,Grovedale - Mount Duneed,1003.0,6.0
203021488,Norlane,788.0,1.0
203031048,Clifton Springs,974.0,5.0
203031049,Lorne - Anglesea,1065.0,8.0
203031051,Portarlington,972.0,4.0
203031052,Point Lonsdale - Queenscliff,1064.0,8.0
203031053,Torquay,1092.0,9.0
203031489,Barwon Heads - Armstrong Creek,1064.0,8.0
203031490,Ocean Grove,1055.0,8.0
204011054,Alexandra,953.0,4.0
204011055,Euroa,951.0,4.0
204011056,Kilmore - Broadford,966.0,4.0
204011057,Mansfield (Vic.),990.0,5.0
204011058,Nagambie,959.0,4.0
204011059,Seymour,884.0,1.0
204011060,Seymour Surrounds,1010.0,6.0
204011061,Upper Yarra Valley,893.0,2.0
204011062,Yea,969.0,4.0
204021063,Benalla,922.0,2.0
204021064,Benalla Surrounds,986.0,5.0
204021065,Rutherglen,954.0,4.0
204021066,Wangaratta,935.0,3.0
204021067,Wangaratta Surrounds,1000.0,6.0
204031068,Beechworth,1010.0,6.0
204031069,Bright - Mount Beauty,1011.0,6.0
204031070,Chiltern - Indigo Valley,969.0,4.0
204031071,Myrtleford,951.0,4.0
204031072,Towong,968.0,4.0
204031073,West Wodonga,931.0,3.0
204031075,Yackandandah,1032.0,7.0
204031491,Baranduda - Leneva,1025.0,7.0
204031492,Wodonga,900.0,2.0
205011076,Drouin,953.0,4.0
205011077,Mount Baw Baw Region,985.0,5.0
205011078,Trafalgar (Vic.),967.0,4.0
205011079,Warragul,985.0,5.0
205021081,Bairnsdale,920.0,2.0
205021082,Bruthen - Omeo,960.0,4.0
205021084,Lakes Entrance,923.0,2.0
205021085,Orbost,912.0,2.0
205021086,Paynesville,950.0,3.0
205031087,Foster,971.0,4.0
205031088,French Island,998.0,6.0
205031089,Korumburra,966.0,4.0
205031090,Leongatha,963.0,4.0
205031091,Phillip Island,971.0,4.0
205031093,Wonthaggi - Inverloch,950.0,4.0
205041094,Churchill,942.0,3.0
205041095,Moe - Newborough,861.0,1.0
205041096,Morwell,820.0,1.0
205041098,Yallourn North - Glengarry,950.0,3.0
205041493,Traralgon - East,926.0,3.0
205041494,Traralgon - West,978.0,5.0
205051100,Longford - Loch Sport,948.0,3.0
205051101,Maffra,940.0,3.0
205051102,Rosedale,954.0,4.0
205051103,Sale,950.0,3.0
205051104,Yarram,917.0,2.0
206011106,Brunswick East,1117.0,10.0
206011107,Brunswick West,1073.0,8.0
206011109,Pascoe Vale South,1076.0,9.0
206011495,Brunswick - North,1097.0,9.0
206011496,Brunswick - South,1116.0,10.0
206011497,Coburg - East,1060.0,8.0
206011498,Coburg - West,1068.0,8.0
206021110,Alphington - Fairfield,1107.0,9.0
206021112,Thornbury,1083.0,9.0
206021499,Northcote - East,1112.0,10.0
206021500,Northcote - West,1124.0,10.0
206031113,Ascot Vale,1062.0,8.0
206031115,Flemington,997.0,6.0
206031116,Moonee Ponds,1097.0,9.0
206031501,Essendon (West) - Aberfeldie,1086.0,9.0
206031502,Essendon - East,1091.0,9.0
206041117,Carlton,1050.0,8.0
206041118,Docklands,1109.0,9.0
206041119,East Melbourne,1156.0,10.0
206041120,Flemington Racecourse,1133.0,10.0
206041121,Kensington (Vic.),1097.0,9.0
206041124,Parkville,1102.0,9.0
206041125,South Yarra - West,1147.0,10.0
206041503,Melbourne CBD - East,1079.0,9.0
206041504,Melbourne CBD - North,1051.0,8.0
206041505,Melbourne CBD - West,1073.0,8.0
206041506,North Melbourne,1056.0,8.0
206041508,Southbank (West) - South Wharf,1112.0,10.0
206041509,Southbank - East,1104.0,9.0
206041510,West Melbourne - Residential,1099.0,9.0
206051128,Albert Park,1132.0,10.0
206051129,Elwood,1117.0,10.0
206051130,Port Melbourne,1108.0,9.0
206051134,St Kilda East,1101.0,9.0
206051511,Port Melbourne Industrial,1141.0,10.0
206051512,South Melbourne,1094.0,9.0
206051513,St Kilda - Central,1083.0,9.0
206051514,St Kilda - West,1091.0,9.0
206061135,Armadale,1130.0,10.0
206061136,Prahran - Windsor,1123.0,10.0
206061138,Toorak,1150.0,10.0
206061515,South Yarra - North,1142.0,10.0
206061516,South Yarra - South,1094.0,9.0
206071139,Abbotsford,1127.0,10.0
206071140,Carlton North - Princes Hill,1135.0,10.0
206071141,Collingwood,1045.0,7.0
206071142,Fitzroy,1066.0,8.0
206071143,Fitzroy North,1125.0,10.0
206071145,Clifton Hill - Alphington,1143.0,10.0
206071517,Richmond (South) - Cremorne,1158.0,10.0
206071518,Richmond - North,1048.0,8.0
207011146,Ashburton (Vic.),1126.0,10.0
207011147,Balwyn,1109.0,9.0
207011148,Balwyn North,1115.0,10.0
207011149,Camberwell,1137.0,10.0
207011150,Glen Iris - East,1155.0,10.0
207011152,Hawthorn East,1132.0,10.0
207011154,Kew East,1122.0,10.0
207011155,Surrey Hills (West) - Canterbury,1143.0,10.0
207011519,Hawthorn - North,1133.0,10.0
207011520,Hawthorn - South,1125.0,10.0
207011521,Kew - South,1143.0,10.0
207011522,Kew - West,1126.0,10.0
207021156,Bulleen,1061.0,8.0
207021157,Doncaster,1057.0,8.0
207021159,Templestowe,1094.0,9.0
207021160,Templestowe Lower,1071.0,8.0
207021424,Doncaster East - North,1079.0,9.0
207021425,Doncaster East - South,1050.0,8.0
207031161,Blackburn,1087.0,9.0
207031162,Blackburn South,1071.0,8.0
207031163,Box Hill,1041.0,7.0
207031164,Box Hill North,1075.0,9.0
207031165,Burwood (Vic.),1049.0,8.0
207031166,Burwood East,1047.0,8.0
207031167,Surrey Hills (East) - Mont Alber,1130.0,10.0
208011168,Beaumaris,1134.0,10.0
208011169,Brighton (Vic.),1146.0,10.0
208011170,Brighton East,1133.0,10.0
208011171,Highett (West) - Cheltenham,1098.0,9.0
208011172,Hampton,1115.0,10.0
208011173,Sandringham - Black Rock,1125.0,10.0
208021174,Bentleigh - McKinnon,1102.0,9.0
208021176,Carnegie,1087.0,9.0
208021177,Caulfield - North,1122.0,10.0
208021178,Caulfield - South,1120.0,10.0
208021179,Elsternwick,1118.0,10.0
208021180,Hughesdale,1073.0,8.0
208021181,Murrumbeena,1099.0,9.0
208021182,Ormond - Glen Huntly,1090.0,9.0
208021426,Bentleigh East - North,1091.0,9.0
208021427,Bentleigh East - South,1090.0,9.0
208031183,Aspendale Gardens - Waterways,1079.0,9.0
208031185,Carrum - Patterson Lakes,1033.0,7.0
208031186,Chelsea - Bonbeach,1037.0,7.0
208031187,Chelsea Heights,1024.0,7.0
208031188,Highett (East) - Cheltenham,1055.0,8.0
208031189,Edithvale - Aspendale,1077.0,9.0
208031190,Mentone,1072.0,8.0
208031191,Moorabbin - Heatherton,1066.0,8.0
208031193,Mordialloc - Parkdale,1082.0,9.0
208041194,Malvern - Glen Iris,1137.0,10.0
208041195,Malvern East,1128.0,10.0
209011196,Bundoora - East,1017.0,6.0
209011197,Greensborough,1061.0,8.0
209011198,Heidelberg - Rosanna,1089.0,9.0
209011199,Heidelberg West,991.0,5.0
209011200,Ivanhoe,1115.0,10.0
209011201,Ivanhoe East - Eaglemont,1147.0,10.0
209011202,Montmorency - Briar Hill,1073.0,8.0
209011203,Viewbank - Yallambie,1068.0,8.0
209011204,Watsonia,1035.0,7.0
209021205,Kingsbury,1033.0,7.0
209021428,Preston - East,1031.0,7.0
209021429,Preston - West,1056.0,8.0
209021523,Reservoir - North East,983.0,5.0
209021524,Reservoir - North West,965.0,4.0
209021525,Reservoir - South East,978.0,5.0
209021526,Reservoir - South West,1017.0,6.0
209031209,Eltham,1099.0,9.0
209031210,Hurstbridge,1048.0,8.0
209031211,Kinglake,1002.0,6.0
209031212,Panton Hill - St Andrews,1076.0,9.0
209031213,Plenty - Yarrambat,1090.0,9.0
209031214,Research - North Warrandyte,1116.0,10.0
209031215,Wattle Glen - Diamond Creek,1069.0,8.0
209041216,Bundoora - North,1033.0,7.0
209041217,Bundoora - West,982.0,5.0
209041220,Mill Park - North,993.0,5.0
209041221,Mill Park - South,974.0,5.0
209041223,Thomastown,900.0,2.0
209041224,Wallan,986.0,5.0
209041225,Whittlesea,999.0,6.0
209041431,Epping - East,945.0,3.0
209041432,Epping - South,920.0,2.0
209041433,Epping (Vic.) - West,988.0,5.0
209041435,South Morang - North,1032.0,7.0
209041436,South Morang - South,997.0,6.0
209041437,Wollert,1002.0,6.0
209041527,Doreen - North,1027.0,7.0
209041528,Doreen - South,1022.0,7.0
209041529,Lalor - East,896.0,2.0
209041530,Lalor - West,935.0,3.0
209041531,Mernda - North,1003.0,6.0
209041532,Mernda - South,1016.0,6.0
210011226,Airport West,1018.0,6.0
210011228,Keilor,1035.0,7.0
210011230,Niddrie - Essendon West,1073.0,8.0
210011231,Strathmore,1100.0,9.0
210011533,Avondale Heights,1012.0,6.0
210011534,Keilor East,1031.0,7.0
210021232,Gisborne,1068.0,8.0
210021233,Macedon,1108.0,9.0
210021234,Riddells Creek,1048.0,8.0
210021235,Romsey,1016.0,6.0
210031236,Coburg North,1041.0,7.0
210031237,Fawkner,952.0,4.0
210031439,Gowanbrae,1061.0,8.0
210031440,Hadfield,976.0,5.0
210031535,Glenroy - East,961.0,4.0
210031536,Glenroy - West,1004.0,6.0
210031537,Oak Park,1071.0,8.0
210031538,Pascoe Vale,1048.0,8.0
210041240,Sunbury,1013.0,6.0
210041539,Diggers Rest,1004.0,6.0
210041540,Sunbury - South,990.0,5.0
210041541,Sunbury - West,997.0,6.0
210051242,Broadmeadows,840.0,1.0
210051243,Campbellfield - Coolaroo,836.0,1.0
210051245,Gladstone Park - Westmeadows,965.0,4.0
210051246,Greenvale - Bulla,1032.0,7.0
210051247,Meadow Heights,845.0,1.0
210051248,Melbourne Airport,1053.0,8.0
210051250,Tullamarine,952.0,4.0
210051441,Craigieburn - Central,909.0,2.0
210051442,Craigieburn - North,972.0,4.0
210051443,Craigieburn - South,955.0,4.0
210051445,Mickleham - Yuroke,997.0,6.0
210051542,Craigieburn - North West,977.0,5.0
210051543,Craigieburn - West,954.0,4.0
210051544,Roxburgh Park (South) - Somerton,920.0,2.0
210051545,Roxburgh Park - North,899.0,2.0
211011251,Bayswater,987.0,5.0
211011254,Knoxfield - Scoresby,1042.0,7.0
211011255,Lysterfield,1088.0,9.0
211011256,Rowville - Central,1041.0,7.0
211011257,Rowville - North,1073.0,8.0
211011258,Rowville - South,1065.0,8.0
211011259,Wantirna,1044.0,7.0
211011260,Wantirna South,1048.0,8.0
211011446,Boronia,992.0,5.0
211011447,Ferntree Gully - North,994.0,5.0
211011448,Ferntree Gully (South) - Upper F,1016.0,6.0
211011449,The Basin,1025.0,7.0
211021261,Donvale - Park Orchards,1098.0,9.0
211021262,Warrandyte - Wonga Park,1106.0,9.0
211031263,Bayswater North,1001.0,6.0
211031265,Croydon Hills - Warranwood,1075.0,9.0
211031266,Ringwood,1022.0,7.0
211031267,Ringwood East,1048.0,8.0
211031268,Ringwood North,1085.0,9.0
211031450,Croydon - East,991.0,5.0
211031451,Croydon - West,1025.0,7.0
211031452,Croydon South,1026.0,7.0
211041269,Forest Hill,1036.0,7.0
211041270,Mitcham (Vic.),1075.0,9.0
211041271,Nunawading,1059.0,8.0
211041272,Vermont,1071.0,8.0
211041273,Vermont South,1073.0,8.0
211051274,Belgrave - Selby,1057.0,8.0
211051275,Chirnside Park,1037.0,7.0
211051276,Healesville - Yarra Glen,993.0,5.0
211051277,Kilsyth,985.0,5.0
211051278,Lilydale - Coldstream,1006.0,6.0
211051279,Monbulk - Silvan,1024.0,7.0
211051280,Montrose,1034.0,7.0
211051281,Mooroolbark,1009.0,6.0
211051282,Mount Dandenong - Olinda,1075.0,9.0
211051283,Mount Evelyn,1014.0,6.0
211051284,Upwey - Tecoma,1050.0,8.0
211051285,Wandin - Seville,1019.0,6.0
211051286,Yarra Valley,955.0,4.0
212011289,Emerald - Cockatoo,1034.0,7.0
212011546,Beaconsfield - Officer,1036.0,7.0
212011547,Bunyip - Garfield,1003.0,6.0
212011548,Koo Wee Rup,975.0,5.0
212011549,Pakenham - North East,949.0,3.0
212011550,Pakenham - North West,999.0,6.0
212011551,Pakenham - South East,924.0,2.0
212011552,Pakenham - South West,968.0,4.0
212021293,Berwick - North,1042.0,7.0
212021295,Doveton,859.0,1.0
212021297,Hallam,925.0,2.0
212021299,Narre Warren North,1066.0,8.0
212021453,Endeavour Hills - North,989.0,5.0
212021454,Endeavour Hills - South,996.0,5.0
212021455,Narre Warren - North East,986.0,5.0
212021456,Narre Warren - South West,945.0,3.0
212021553,Berwick - South East,1051.0,8.0
212021554,Berwick - South West,1031.0,7.0
212031300,Cranbourne,906.0,2.0
212031303,Cranbourne South,1031.0,7.0
212031304,Cranbourne West,973.0,5.0
212031306,Lynbrook - Lyndhurst,1026.0,7.0
212031308,Pearcedale - Tooradin,988.0,5.0
212031457,Narre Warren South - East,1023.0,7.0
212031458,Narre Warren South - West,965.0,4.0
212031555,Clyde North - North,1067.0,8.0
212031556,Clyde North - South,1042.0,7.0
212031557,Cranbourne East - North,984.0,5.0
212031558,Cranbourne East - South,1004.0,6.0
212031559,Cranbourne North - East,1012.0,6.0
212031560,Cranbourne North - West,931.0,3.0
212031561,Hampton Park - East,917.0,2.0
212031562,Hampton Park - West,898.0,2.0
212041309,Clarinda - Oakleigh South,995.0,5.0
212041310,Clayton South,979.0,5.0
212041312,Dandenong North,934.0,3.0
212041313,Dingley Village,1048.0,8.0
212041316,Noble Park North,936.0,3.0
212041317,Springvale,900.0,2.0
212041318,Springvale South,878.0,1.0
212041459,Noble Park - East,921.0,2.0
212041460,Noble Park - West,888.0,1.0
212041563,Dandenong - North,872.0,1.0
212041564,Dandenong - South,864.0,1.0
212041565,Keysborough - North,924.0,2.0
212041566,Keysborough - South,1074.0,8.0
212051319,Ashwood - Chadstone,1067.0,8.0
212051321,Glen Waverley - East,1084.0,9.0
212051322,Glen Waverley - West,1074.0,8.0
212051323,Mount Waverley - North,1091.0,9.0
212051324,Mount Waverley - South,1092.0,9.0
212051325,Mulgrave,1043.0,7.0
212051326,Oakleigh - Huntingdale,1056.0,8.0
212051327,Wheelers Hill,1080.0,9.0
212051567,Clayton (North) - Notting Hill,1029.0,7.0
212051568,Clayton - Central,1013.0,6.0
213011328,Ardeer - Albion,930.0,3.0
213011329,Cairnlea,968.0,4.0
213011331,Delahey,902.0,2.0
213011332,Keilor Downs,959.0,4.0
213011333,Kings Park (Vic.),854.0,1.0
213011334,St Albans - North,863.0,1.0
213011335,St Albans - South,869.0,1.0
213011336,Sunshine,957.0,4.0
213011337,Sunshine North,904.0,2.0
213011338,Sunshine West,906.0,2.0
213011339,Sydenham,968.0,4.0
213011340,Taylors Lakes,1026.0,7.0
213011569,Deer Park,912.0,2.0
213011570,Derrimut,995.0,5.0
213021341,Altona,1048.0,8.0
213021342,Altona Meadows,967.0,4.0
213021343,Altona North,993.0,5.0
213021344,Newport,1103.0,9.0
213021345,Seabrook,1006.0,6.0
213021346,Williamstown,1101.0,9.0
213031347,Braybrook,965.0,4.0
213031348,Footscray,1030.0,7.0
213031349,Maribyrnong,1063.0,8.0
213031350,Seddon - Kingsville,1103.0,9.0
213031351,West Footscray - Tottenham,1046.0,7.0
213031352,Yarraville,1109.0,9.0
213041353,Bacchus Marsh,983.0,5.0
213041358,Melton West,920.0,2.0
213041359,Rockbank - Mount Cottrell,1029.0,7.0
213041360,Taylors Hill,1023.0,7.0
213041461,Burnside,982.0,5.0
213041462,Burnside Heights,1007.0,6.0
213041463,Caroline Springs,1011.0,6.0
213041571,Brookfield,937.0,3.0
213041572,Cobblebank - Strathtulloh,1001.0,6.0
213041573,Eynesbury - Exford,1056.0,8.0
213041574,Fraser Rise - Plumpton,1035.0,7.0
213041575,Hillside,1013.0,6.0
213041576,Kurunjang - Toolern Vale,921.0,2.0
213041577,Melton,843.0,1.0
213041578,Melton South - Weir Views,881.0,1.0
213051361,Hoppers Crossing - North,955.0,4.0
213051362,Hoppers Crossing - South,936.0,3.0
213051363,Laverton,1015.0,6.0
213051368,Werribee - South,1001.0,6.0
213051464,Point Cook - East,1072.0,8.0
213051466,Point Cook - South,1087.0,9.0
213051467,Werribee - East,897.0,2.0
213051468,Werribee - West,992.0,5.0
213051579,Manor Lakes - Quandong,1037.0,7.0
213051580,Point Cook - North East,1033.0,7.0
213051581,Point Cook - North West,1057.0,8.0
213051582,Tarneit (West) - Mount Cottrell,1021.0,6.0
213051583,Tarneit - Central,1011.0,6.0
213051584,Tarneit - North,1031.0,7.0
213051585,Tarneit - South,981.0,5.0
213051586,Truganina - North,1046.0,7.0
213051587,Truganina - South East,1053.0,8.0
213051588,Truganina - South West,995.0,5.0
213051589,Wyndham Vale - North,976.0,5.0
213051590,Wyndham Vale - South,947.0,3.0
214011370,Carrum Downs,950.0,3.0
214011371,Frankston,962.0,4.0
214011372,Frankston North,909.0,2.0
214011373,Frankston South,1062.0,8.0
214011374,Langwarrin,1005.0,6.0
214011375,Seaford (Vic.),979.0,5.0
214011376,Skye - Sandhurst,1028.0,7.0
214021377,Dromana,998.0,6.0
214021378,Flinders,1095.0,9.0
214021379,Hastings - Somers,969.0,4.0
214021381,Mount Eliza,1115.0,10.0
214021382,Mount Martha,1068.0,8.0
214021383,Point Nepean,1016.0,6.0
214021384,Rosebud - McCrae,948.0,3.0
214021385,Somerville,999.0,6.0
214021591,Mornington - East,995.0,5.0
214021592,Mornington - West,1036.0,7.0
215011386,Ararat,904.0,2.0
215011387,Ararat Surrounds,998.0,6.0
215011388,Horsham,948.0,3.0
215011389,Horsham Surrounds,1012.0,6.0
215011390,Nhill Region,934.0,3.0
215011391,St Arnaud,920.0,2.0
215011392,Stawell,921.0,2.0
215011393,West Wimmera,967.0,4.0
215011394,Yarriambiack,922.0,2.0
215021395,Irymple,987.0,5.0
215021396,Merbein,922.0,2.0
215021398,Mildura Surrounds,947.0,3.0
215021399,Red Cliffs,902.0,2.0
215021469,Mildura - North,888.0,1.0
215021470,Mildura - South,932.0,3.0
215031400,Buloke,946.0,3.0
215031401,Gannawarra,934.0,3.0
215031402,Kerang,895.0,2.0
215031403,Robinvale,867.0,1.0
215031404,Swan Hill,940.0,3.0
215031405,Swan Hill Surrounds,940.0,3.0
216011406,Echuca,937.0,3.0
216011407,Kyabram,926.0,3.0
216011408,Lockington - Gunbower,960.0,4.0
216011409,Rochester,918.0,2.0
216011410,Rushworth,916.0,2.0
216021411,Cobram,889.0,1.0
216021412,Moira,956.0,4.0
216021413,Numurkah,934.0,3.0
216021414,Yarrawonga,934.0,3.0
216031415,Mooroopna,873.0,1.0
216031416,Shepparton - North,949.0,3.0
216031418,Shepparton Surrounds - East,999.0,6.0
216031419,Shepparton Surrounds - West,950.0,3.0
216031593,Kialla,1015.0,6.0
216031594,Shepparton - South East,864.0,1.0
217011420,Glenelg (Vic.),942.0,3.0
217011421,Hamilton (Vic.),944.0,3.0
217011422,Portland,902.0,2.0
217011423,Southern Grampians,991.0,5.0
217031471,Camperdown,928.0,3.0
217031472,Colac,903.0,2.0
217031473,Colac Surrounds,988.0,5.0
217031474,Corangamite - North,939.0,3.0
217031475,Corangamite - South,979.0,5.0
217031476,Otway,977.0,5.0
217041477,Moyne - East,986.0,5.0
217041478,Moyne - West,1005.0,6.0
217041479,Warrnambool - North,956.0,4.0
217041480,Warrnambool - South,972.0,4.0
301011001,Alexandra Hills,977.0,5.0
301011002,Belmont - Gumdale,1083.0,9.0
301011003,Birkdale,1018.0,6.0
301011004,Capalaba,978.0,5.0
301011005,Thorneside,977.0,5.0
301011006,Wellington Point,1047.0,7.0
301021007,Cleveland,1004.0,6.0
301021008,Ormiston,1061.0,8.0
301021009,Redland Bay,1016.0,6.0
301021011,Sheldon - Mount Cotton,1074.0,8.0
301021012,Thornlands,1047.0,8.0
301021013,Victoria Point,991.0,5.0
301021550,North Stradbroke Island,947.0,3.0
301021551,Southern Moreton Bay Islands,833.0,1.0
301031015,Manly - Lota,1058.0,8.0
301031016,Manly West,1036.0,7.0
301031017,Murarrie,1074.0,8.0
301031018,Tingalpa,1020.0,6.0
301031019,Wakerley,1125.0,10.0
301031020,Wynnum,1030.0,7.0
301031021,Wynnum West - Hemmant,986.0,5.0
302011022,Bald Hills,999.0,6.0
302011023,Bridgeman Downs,1123.0,10.0
302011024,Carseldine,1057.0,8.0
302011025,Everton Park,1057.0,8.0
302011026,McDowall,1092.0,9.0
302021027,Aspley,1050.0,8.0
302021028,Chermside,972.0,4.0
302021029,Chermside West,1054.0,8.0
302021030,Geebung,1040.0,7.0
302021031,Kedron - Gordon Park,1083.0,9.0
302021032,Stafford,1022.0,7.0
302021033,Stafford Heights,1041.0,7.0
302021034,Wavell Heights,1103.0,9.0
302031035,Boondall,1005.0,6.0
302031037,Eagle Farm - Pinkenba,1087.0,9.0
302031038,Northgate - Virginia,1060.0,8.0
302031039,Nudgee - Banyo,1053.0,8.0
302031040,Nundah,1046.0,7.0
302041041,Bracken Ridge,1002.0,6.0
302041042,Brighton (Qld),1027.0,7.0
302041043,Deagon,998.0,6.0
302041044,Sandgate - Shorncliffe,1050.0,8.0
302041045,Taigum - Fitzgibbon,980.0,5.0
302041046,Zillmere,936.0,3.0
303011047,Camp Hill,1134.0,10.0
303011048,Cannon Hill,1093.0,9.0
303011049,Carina,1058.0,8.0
303011050,Carina Heights,1037.0,7.0
303011051,Carindale,1102.0,9.0
303021052,Annerley,1061.0,8.0
303021053,Coorparoo,1099.0,9.0
303021054,Fairfield - Dutton Park,1071.0,8.0
303021055,Greenslopes,1073.0,8.0
303021056,Holland Park,1072.0,8.0
303021057,Holland Park West,1088.0,9.0
303021058,Woolloongabba,1078.0,9.0
303021059,Yeronga,1098.0,9.0
303031060,Eight Mile Plains,1042.0,7.0
303031061,Macgregor (Qld),997.0,6.0
303031062,Mansfield (Qld),1027.0,7.0
303031063,Mount Gravatt,1045.0,7.0
303031064,Rochedale - Burbank,1118.0,10.0
303031065,Upper Mount Gravatt,1018.0,6.0
303031066,Wishart,1043.0,7.0
303041067,Coopers Plains,987.0,5.0
303041068,Moorooka,1043.0,7.0
303041069,Robertson,1019.0,6.0
303041070,Salisbury - Nathan,1047.0,8.0
303041071,Tarragindi,1121.0,10.0
303051072,Algester,984.0,5.0
303051073,Calamvale - Stretton,1035.0,7.0
303051074,Pallara - Willawong,1057.0,8.0
303051075,Parkinson - Drewvale,1038.0,7.0
303051076,Rocklea - Acacia Ridge,892.0,1.0
303061077,Kuraby,1038.0,7.0
303061078,Runcorn,997.0,6.0
303061079,Sunnybank,982.0,5.0
303061080,Sunnybank Hills,999.0,6.0
304011081,Jindalee - Mount Ommaney,1088.0,9.0
304011082,Middle Park - Jamboree Heights,1059.0,8.0
304011083,Riverhills,1043.0,7.0
304011084,Seventeen Mile Rocks - Sinnamon,1103.0,9.0
304011085,Westlake,1118.0,10.0
304021086,Bellbowrie - Moggill,1091.0,9.0
304021087,Brookfield - Kenmore Hills,1150.0,10.0
304021088,Chapel Hill,1141.0,10.0
304021089,Fig Tree Pocket,1172.0,10.0
304021090,Kenmore,1116.0,10.0
304021091,Pinjarra Hills - Pullenvale,1152.0,10.0
304031092,Chelmer - Graceville,1152.0,10.0
304031093,Corinda,1088.0,9.0
304031094,Indooroopilly,1097.0,9.0
304031095,Sherwood,1098.0,9.0
304031096,St Lucia,1091.0,9.0
304031097,Taringa,1093.0,9.0
304041098,Enoggera,1059.0,8.0
304041099,Enoggera Reservoir,1095.0,9.0
304041100,Keperra,996.0,5.0
304041101,Mitchelton,1069.0,8.0
304041103,The Gap,1109.0,9.0
304041104,Upper Kedron - Ferny Grove,1086.0,9.0
305011105,Brisbane City,1087.0,9.0
305011106,Fortitude Valley,1062.0,8.0
305011107,Highgate Hill,1075.0,9.0
305011108,Kangaroo Point,1088.0,9.0
305011109,New Farm,1107.0,9.0
305011110,South Brisbane,1088.0,9.0
305011111,Spring Hill,1053.0,8.0
305011112,West End,1098.0,9.0
305021113,Balmoral,1127.0,10.0
305021114,Bulimba,1144.0,10.0
305021115,East Brisbane,1084.0,9.0
305021116,Hawthorne,1142.0,10.0
305021117,Morningside - Seven Hills,1093.0,9.0
305021118,Norman Park,1136.0,10.0
305031119,Albion,1095.0,9.0
305031120,Alderley,1110.0,9.0
305031121,Ascot,1110.0,9.0
305031122,Clayfield,1086.0,9.0
305031123,Grange,1150.0,10.0
305031124,Hamilton (Qld),1100.0,9.0
305031125,Hendra,1144.0,10.0
305031126,Kelvin Grove - Herston,1061.0,8.0
305031127,Newmarket,1098.0,9.0
305031128,Newstead - Bowen Hills,1131.0,10.0
305031129,Wilston,1141.0,10.0
305031130,Windsor,1101.0,9.0
305031131,Wooloowin - Lutwyche,1090.0,9.0
305041132,Ashgrove,1137.0,10.0
305041133,Auchenflower,1125.0,10.0
305041134,Bardon,1162.0,10.0
305041135,Paddington - Milton,1139.0,10.0
305041136,Red Hill (Qld),1127.0,10.0
305041137,Toowong,1110.0,9.0
306011138,Brinsmead,1041.0,7.0
306011139,Clifton Beach - Kewarra Beach,1012.0,6.0
306011140,Freshwater - Stratford,1039.0,7.0
306011141,Redlynch,1034.0,7.0
306011142,Trinity Beach - Smithfield,1013.0,6.0
306011143,Yorkeys Knob - Machans Beach,944.0,3.0
306021144,Bentley Park,945.0,3.0
306021145,Cairns City,969.0,4.0
306021146,Earlville - Bayview Heights,974.0,5.0
306021147,Edmonton,932.0,3.0
306021148,Gordonvale - Trinity,970.0,4.0
306021149,Kanimbla - Mooroobool,960.0,4.0
306021151,Manoora,841.0,1.0
306021152,Manunda,861.0,1.0
306021153,Mount Sheridan,984.0,5.0
306021154,Westcourt - Bungalow,882.0,1.0
306021155,White Rock,898.0,2.0
306021156,Whitfield - Edge Hill,1016.0,6.0
306021157,Woree,867.0,1.0
306031158,Babinda,938.0,3.0
306031159,Innisfail,866.0,1.0
306031160,Johnstone,925.0,2.0
306031161,Tully,910.0,2.0
306031163,Yarrabah,678.0,1.0
306041164,Daintree,913.0,2.0
306041165,Port Douglas,983.0,5.0
306051166,Atherton,927.0,3.0
306051167,Herberton,861.0,1.0
306051168,Kuranda,953.0,4.0
306051169,Malanda - Yungaburra,966.0,4.0
306051170,Mareeba,906.0,2.0
307011171,Balonne,929.0,3.0
307011172,Chinchilla,940.0,3.0
307011173,Goondiwindi,953.0,4.0
307011174,Inglewood - Waggamba,914.0,2.0
307011175,Miles - Wandoan,933.0,3.0
307011176,Roma,953.0,4.0
307011177,Roma Surrounds,980.0,5.0
307011178,Tara,848.0,1.0
307021179,Crows Nest - Rosalie,924.0,2.0
307021180,Jondaryan,913.0,2.0
307021181,Millmerran,889.0,1.0
307021182,Pittsworth,949.0,3.0
307021183,Wambo,927.0,3.0
307031184,Clifton - Greenmount,953.0,4.0
307031185,Southern Downs - East,942.0,3.0
307031186,Southern Downs - West,926.0,2.0
307031187,Stanthorpe,890.0,1.0
307031188,Stanthorpe Surrounds,931.0,3.0
307031189,Warwick,892.0,1.0
308011190,Central Highlands - East,891.0,1.0
308011191,Central Highlands - West,956.0,4.0
308011192,Emerald,976.0,5.0
308031205,Berserker,850.0,1.0
308031206,Bouldercombe,919.0,2.0
308031207,Emu Park,917.0,2.0
308031208,Frenchville - Mount Archer,972.0,4.0
308031209,Glenlee - Rockyview,1023.0,7.0
308031210,Gracemere,916.0,2.0
308031211,Lakes Creek,878.0,1.0
308031212,Mount Morgan,794.0,1.0
308031213,Norman Gardens,971.0,4.0
308031214,Park Avenue,881.0,1.0
308031215,Parkhurst - Kawana,939.0,3.0
308031216,Rockhampton - West,926.0,3.0
308031217,Rockhampton City,834.0,1.0
308031218,Rockhampton Surrounds - East,956.0,4.0
308031219,Rockhampton Surrounds - North,974.0,5.0
308031220,Rockhampton Surrounds - West,977.0,5.0
308031221,Shoalwater Bay,1005.0,6.0
308031222,The Range - Allenstown,993.0,5.0
308031223,Yeppoon,975.0,5.0
308041528,Banana,961.0,4.0
308041529,Biloela,942.0,3.0
308051530,Agnes Water - Miriam Vale,891.0,1.0
308051531,Boyne Island - Tannum Sands,962.0,4.0
308051532,Callemondah,1012.0,6.0
308051533,Clinton - New Auckland,932.0,3.0
308051534,Gladstone,875.0,1.0
308051535,Gladstone Hinterland,947.0,3.0
308051536,Kin Kora - Sun Valley,919.0,2.0
308051538,Telina - Toolooa,942.0,3.0
308051539,West Gladstone,884.0,1.0
309011224,Broadbeach Waters,1076.0,9.0
309011225,Burleigh Heads,1039.0,7.0
309011226,Burleigh Waters,1033.0,7.0
309011227,Mermaid Beach - Broadbeach,1039.0,7.0
309011228,Mermaid Waters,1039.0,7.0
309011229,Miami,1041.0,7.0
309021230,Coolangatta,992.0,5.0
309021231,Currumbin - Tugun,1023.0,7.0
309021232,Currumbin Waters,1004.0,6.0
309021233,Elanora,1010.0,6.0
309021234,Palm Beach,1034.0,7.0
309031235,Arundel,1002.0,6.0
309031236,Biggera Waters,972.0,4.0
309031237,Coombabah,936.0,3.0
309031238,Labrador,930.0,3.0
309031239,Paradise Point - Hollywell,1045.0,7.0
309031240,Runaway Bay,1012.0,6.0
309041241,Guanaba - Springbrook,1005.0,6.0
309041242,Tamborine - Canungra,1021.0,6.0
309051243,Currumbin Valley - Tallebudgera,1055.0,8.0
309051244,Mudgeeraba - Bonogin,1036.0,7.0
309051245,Reedy Creek - Andrews,1061.0,8.0
309061246,Carrara,1002.0,6.0
309061247,Highland Park,983.0,5.0
309061248,Nerang - Mount Nathan,965.0,4.0
309061249,Pacific Pines - Gaven,1006.0,6.0
309061250,Worongary - Tallai,1044.0,7.0
309071251,Coomera,993.0,5.0
309071252,Helensvale,1029.0,7.0
309071253,Hope Island,1063.0,8.0
309071254,Jacobs Well - Alberton,993.0,5.0
309071256,Oxenford - Maudsland,1011.0,6.0
309071552,Ormeau (East) - Stapylton,989.0,5.0
309071553,Ormeau (West) - Yatala,1022.0,6.0
309071554,Pimpama - North,996.0,5.0
309071555,Pimpama - South,955.0,4.0
309071556,Upper Coomera (South) - Wongawal,1043.0,7.0
309071557,Upper Coomera - North,975.0,5.0
309071558,Willow Vale - Pimpama (West),1003.0,6.0
309081259,Clear Island Waters,1067.0,8.0
309081260,Merrimac,986.0,5.0
309081262,Varsity Lakes,1008.0,6.0
309081559,Robina - East,1041.0,7.0
309081560,Robina - West,1024.0,7.0
309091263,Ashmore,1007.0,6.0
309091264,Molendinar,991.0,5.0
309091265,Parkwood,1017.0,6.0
309091540,Southport - North,954.0,4.0
309091541,Southport - South,981.0,5.0
309101267,Benowa,1053.0,8.0
309101268,Bundall,1068.0,8.0
309101269,Main Beach,1064.0,8.0
309101561,Surfers Paradise - North,999.0,6.0
309101562,Surfers Paradise - South,993.0,5.0
310011271,Darra - Sumner,959.0,4.0
310011272,Durack,921.0,2.0
310011274,Inala - Richlands,813.0,1.0
310011275,Oxley (Qld),1057.0,8.0
310011276,Wacol,792.0,1.0
310011563,Doolandella,968.0,4.0
310011564,Forest Lake - Ellen Grove,995.0,5.0
310021277,Boonah,958.0,4.0
310021278,Esk,904.0,2.0
310021280,Lockyer Valley - East,908.0,2.0
310021281,Lowood,912.0,2.0
310021282,Rosewood,934.0,3.0
310031283,Brassall,908.0,2.0
310031284,Bundamba,895.0,2.0
310031285,Churchill - Yamanto,926.0,3.0
310031286,Ipswich - Central,923.0,2.0
310031287,Ipswich - East,895.0,2.0
310031288,Ipswich - North,1022.0,6.0
310031289,Karalee - Barellan Point,1057.0,8.0
310031290,Karana Downs,1072.0,8.0
310031291,Leichhardt - One Mile,830.0,1.0
310031292,North Ipswich - Tivoli,904.0,2.0
310031293,Raceview,932.0,3.0
310031294,Ripley,1015.0,6.0
310031295,Riverview,790.0,1.0
310041297,Camira - Gailes,939.0,3.0
310041299,Collingwood Park - Redbank,924.0,2.0
310041300,Goodna,855.0,1.0
310041302,Redbank Plains,884.0,1.0
310041303,Springfield,993.0,5.0
310041304,Springfield Lakes,1032.0,7.0
310041565,Augustine Heights - Brookwater,1096.0,9.0
310041566,Bellbird Park,953.0,4.0
311011305,Beaudesert,892.0,1.0
311021306,Beenleigh,856.0,1.0
311021307,Eagleby,841.0,1.0
311021308,Edens Landing - Holmview,945.0,3.0
311021309,Mount Warren Park,934.0,3.0
311021310,Wolffdene - Bahrs Scrub,994.0,5.0
311031311,Boronia Heights - Park Ridge,924.0,2.0
311031312,Browns Plains,893.0,2.0
311031313,Chambers Flat - Logan Reserve,946.0,3.0
311031314,Crestmead,851.0,1.0
311031316,Hillcrest,966.0,4.0
311031317,Marsden,845.0,1.0
311031318,Munruben - Park Ridge South,980.0,5.0
311031319,Regents Park - Heritage Park,952.0,4.0
311041322,Logan Village,994.0,5.0
311041567,Flagstone (East) - Riverbend,974.0,5.0
311041568,Flagstone (West) - New Beith,1035.0,7.0
311041569,Greenbank - North Maclean,979.0,5.0
311041570,Jimboomba - Glenlogan,985.0,5.0
311041571,Yarrabilba,909.0,2.0
311051323,Bethania - Waterford,911.0,2.0
311051324,Cornubia - Carbrook,1049.0,8.0
311051325,Loganholme - Tanah Merah,972.0,4.0
311051326,Loganlea,873.0,1.0
311051327,Shailer Park,1035.0,7.0
311051328,Waterford West,870.0,1.0
311061329,Daisy Hill,1025.0,7.0
311061330,Kingston (Qld),800.0,1.0
311061331,Logan Central,751.0,1.0
311061332,Rochedale South - Priestdale,1011.0,6.0
311061333,Slacks Creek,860.0,1.0
311061334,Springwood,1006.0,6.0
311061335,Underwood,1023.0,7.0
311061336,Woodridge,780.0,1.0
312011337,Bowen,893.0,2.0
312011338,Broadsound - Nebo,946.0,3.0
312011339,Clermont,962.0,4.0
312011340,Collinsville,907.0,2.0
312011341,Moranbah,998.0,6.0
312021342,Andergrove - Beaconsfield,941.0,3.0
312021343,East Mackay,962.0,4.0
312021344,Eimeo - Rural View,1002.0,6.0
312021346,Mackay,906.0,2.0
312021347,Mackay Harbour,1031.0,7.0
312021348,Mount Pleasant - Glenella,1019.0,6.0
312021349,North Mackay,917.0,2.0
312021350,Ooralea - Bakers Creek,989.0,5.0
312021351,Pioneer Valley,963.0,4.0
312021352,Sarina,932.0,3.0
312021353,Seaforth - Calen,959.0,4.0
312021354,Shoal Point - Bucasia,977.0,5.0
312021355,Slade Point,912.0,2.0
312021356,South Mackay,912.0,2.0
312021357,Walkerston - Eton,976.0,5.0
312021358,West Mackay,964.0,4.0
312031359,Airlie - Whitsundays,977.0,5.0
312031361,Proserpine,936.0,3.0
313011362,Beachmere - Sandstone Point,923.0,2.0
313011363,Bribie Island,927.0,3.0
313021364,Burpengary - East,1018.0,6.0
313021366,Caboolture - South,861.0,1.0
313021367,Elimbah,989.0,5.0
313021368,Morayfield - East,903.0,2.0
313021369,Wamuran,992.0,5.0
313021572,Caboolture - East,873.0,1.0
313021573,Caboolture - West,886.0,1.0
313031370,Kilcoy,922.0,2.0
313031371,Woodford - D'Aguilar,952.0,4.0
313041372,Burpengary,953.0,4.0
313041373,Deception Bay,878.0,1.0
313041374,Morayfield,986.0,5.0
313041375,Narangba,1007.0,6.0
313041376,Upper Caboolture,1011.0,6.0
313051377,Clontarf,941.0,3.0
313051378,Margate - Woody Point,938.0,3.0
313051379,Redcliffe,922.0,2.0
313051380,Rothwell - Kippa-Ring,912.0,2.0
313051574,Moreton Island,1023.0,7.0
313051575,Scarborough - Newport,1029.0,7.0
314011382,Albany Creek,1069.0,8.0
314011383,Cashmere,1057.0,8.0
314011384,Dayboro,1060.0,8.0
314011385,Eatons Hill,1091.0,9.0
314011386,The Hills District,1067.0,8.0
314011387,Samford Valley,1116.0,10.0
314021389,Murrumba Downs - Griffin,1003.0,6.0
314021576,Dakabin,951.0,4.0
314021577,Kallangur,916.0,2.0
314021578,Mango Hill,1022.0,7.0
314021579,North Lakes,1029.0,7.0
314031391,Bray Park,950.0,4.0
314031392,Lawnton,940.0,3.0
314031393,Petrie,978.0,5.0
314031394,Strathpine - Brendale,928.0,3.0
315011395,Aurukun,700.0,1.0
315011396,Cape York,834.0,1.0
315011397,Croydon - Etheridge,942.0,3.0
315011398,Kowanyama - Pormpuraaw,693.0,1.0
315011399,Northern Peninsula,792.0,1.0
315011400,Tablelands,923.0,2.0
315011401,Torres,939.0,3.0
315011402,Torres Strait Islands,777.0,1.0
315011403,Weipa,1036.0,7.0
315021404,Carpentaria,797.0,1.0
315021405,Mount Isa,956.0,4.0
315021406,Mount Isa Surrounds,932.0,3.0
315021407,Northern Highlands,961.0,4.0
315031408,Barcaldine - Blackall,955.0,4.0
315031409,Charleville,930.0,3.0
315031410,Far Central West,942.0,3.0
315031411,Far South West,913.0,2.0
315031412,Longreach,976.0,5.0
316011413,Buderim - North,1035.0,7.0
316011414,Buderim - South,1042.0,7.0
316011415,Mountain Creek,1016.0,6.0
316011416,Sippy Downs,987.0,5.0
316021417,Aroona - Currimundi,985.0,5.0
316021418,Buddina - Minyama,1028.0,7.0
316021419,Caloundra - Kings Beach,940.0,3.0
316021421,Golden Beach - Pelican Waters,1001.0,6.0
316021422,Moffat Beach - Battery Hill,1003.0,6.0
316021423,Parrearra - Warana,1018.0,6.0
316021424,Wurtulla - Birtinya,1021.0,6.0
316021580,Caloundra West - Baringa,1003.0,6.0
316021581,Meridan Plains - Little Mountain,984.0,5.0
316031425,Coolum Beach,1018.0,6.0
316031426,Marcoola - Mudjimba,995.0,5.0
316031427,Maroochydore - Kuluin,985.0,5.0
316031428,Mooloolaba - Alexandra Headland,1018.0,6.0
316051434,Noosa Heads,1063.0,8.0
316051435,Noosaville,1026.0,7.0
316051437,Sunshine Beach,1055.0,8.0
316051438,Tewantin,959.0,4.0
316051543,Peregian Beach - Marcus Beach,1066.0,8.0
316051544,Peregian Springs,1037.0,7.0
316061439,Beerwah,951.0,4.0
316061440,Caloundra Hinterland,998.0,6.0
316061441,Glass House Mountains,982.0,5.0
316061442,Landsborough,1014.0,6.0
316061443,Maroochy Hinterland,989.0,5.0
316061444,Palmwoods,1006.0,6.0
316071545,Bli Bli,999.0,6.0
316071546,Diddillibah - Rosemount,1012.0,6.0
316071547,Eumundi - Yandina,1002.0,6.0
316071548,Nambour,938.0,3.0
316081549,Noosa Hinterland,998.0,6.0
317011445,Cambooya - Wyreema,1004.0,6.0
317011446,Darling Heights,941.0,3.0
317011447,Drayton - Harristown,892.0,1.0
317011448,Gatton,882.0,1.0
317011449,Gowrie (Qld),990.0,5.0
317011450,Highfields,1051.0,8.0
317011451,Lockyer Valley - West,970.0,4.0
317011452,Middle Ridge,1061.0,8.0
317011453,Newtown (Qld),885.0,1.0
317011454,North Toowoomba - Harlaxton,908.0,2.0
317011455,Rangeville,1026.0,7.0
317011456,Toowoomba - Central,942.0,3.0
317011457,Toowoomba - East,1040.0,7.0
317011458,Toowoomba - West,982.0,5.0
317011459,Wilsonton,869.0,1.0
318011460,Ayr,913.0,2.0
318011461,Burdekin,934.0,3.0
318011462,Charters Towers,890.0,1.0
318011463,Dalrymple,945.0,3.0
318011464,Ingham,879.0,1.0
318011465,Ingham Surrounds,933.0,3.0
318011466,Palm Island,707.0,1.0
318021467,Aitkenvale,914.0,2.0
318021468,Annandale (Qld),1038.0,7.0
318021469,Belgian Gardens - Pallarenda,1034.0,7.0
318021470,Bohle Plains,1030.0,7.0
318021471,Condon - Rasmussen,891.0,1.0
318021472,Cranbrook,931.0,3.0
318021474,Douglas,1055.0,8.0
318021475,Garbutt - West End,919.0,2.0
318021476,Gulliver - Currajong - Vincent,902.0,2.0
318021477,Heatley,870.0,1.0
318021478,Hermit Park - Rosslea,955.0,4.0
318021479,Hyde Park - Pimlico,934.0,3.0
318021480,Kelso,905.0,2.0
318021481,Kirwan - East,881.0,1.0
318021482,Kirwan - West,976.0,5.0
318021483,Magnetic Island,956.0,4.0
318021484,Mount Louisa,991.0,5.0
318021485,Mundingburra,967.0,4.0
318021486,Northern Beaches,936.0,3.0
318021487,Oonoonba,1032.0,7.0
318021488,South Townsville - Railway Estat,973.0,4.0
318021489,Townsville - South,993.0,5.0
318021490,Townsville City - North Ward,1052.0,8.0
318021491,Wulguru - Roseneath,918.0,2.0
318021582,Burdell - Mount Low,1010.0,6.0
318021583,Deeragun - Jensen,927.0,3.0
319011492,Ashfield - Kepnock,903.0,2.0
319011493,Bargara - Burnett Heads,965.0,4.0
319011494,Branyan - Kensington,950.0,3.0
319011495,Bundaberg,827.0,1.0
319011496,Bundaberg East - Kalkie,914.0,2.0
319011497,Bundaberg North - Gooburrum,869.0,1.0
319011498,Bundaberg Surrounds - North,901.0,2.0
319011499,Bundaberg Surrounds - South,891.0,1.0
319011500,Millbank - Avoca,893.0,1.0
319011501,Svensson Heights - Norville,864.0,1.0
319011502,Walkervale - Avenell Heights,861.0,1.0
319021503,Gayndah - Mundubbera,885.0,1.0
319021504,Gin Gin,844.0,1.0
319021505,Kingaroy,905.0,2.0
319021506,Kingaroy Surrounds - North,854.0,1.0
319021507,Kingaroy Surrounds - South,940.0,3.0
319021508,Monto - Eidsvold,894.0,2.0
319021509,Nanango,843.0,1.0
319031511,Cooloola,863.0,1.0
319031512,Gympie - North,866.0,1.0
319031513,Gympie - South,904.0,2.0
319031514,Gympie Surrounds,923.0,2.0
319031515,Kilkivan,908.0,2.0
319041516,Booral - River Heads,924.0,2.0
319041517,Craignish - Dundowran Beach,974.0,5.0
319041518,Pialba - Eli Waters,901.0,2.0
319041519,Point Vernon,900.0,2.0
319041520,Torquay - Scarness - Kawungan,888.0,1.0
319041521,Urangan - Wondunna,915.0,2.0
319051522,Burrum - Fraser,873.0,1.0
319051523,Granville,838.0,1.0
319051524,Maryborough (Qld),840.0,1.0
319051525,Maryborough Surrounds - South,864.0,1.0
319051526,Tinana,922.0,2.0
401011001,Adelaide,1045.0,7.0
401011002,North Adelaide,1088.0,9.0
401021003,Adelaide Hills,1029.0,7.0
401021004,Aldgate - Stirling,1098.0,9.0
401021005,Hahndorf - Echunga,1047.0,8.0
401021006,Lobethal - Woodside,1019.0,6.0
401021007,Mount Barker,997.0,6.0
401021008,Mount Barker Surrounds,1006.0,6.0
401021009,Nairne,991.0,5.0
401021010,Uraidla - Summertown,1081.0,9.0
401031011,Burnside - Wattle Park,1099.0,9.0
401031012,Beaumont - Glen Osmond,1118.0,10.0
401031013,Toorak Gardens,1095.0,9.0
401041014,Athelstone,1037.0,7.0
401041015,Paradise - Newton,986.0,5.0
401041016,Rostrevor - Magill,1027.0,7.0
401051017,Norwood (SA),1060.0,8.0
401051018,Payneham - Felixstow,1020.0,6.0
401051019,St Peters - Marden,1077.0,9.0
401061020,Nailsworth - Broadview,1053.0,8.0
401061021,Prospect,1060.0,8.0
401061022,Walkerville,1097.0,9.0
401071023,Goodwood - Millswood,1078.0,9.0
401071024,Unley - Parkside,1089.0,9.0
402011025,Gawler - North,979.0,5.0
402011026,Gawler - South,934.0,3.0
402011027,Lewiston - Two Wells,958.0,4.0
402021028,Craigmore - Blakeview,919.0,2.0
402021029,Davoren Park,799.0,1.0
402021030,Elizabeth,717.0,1.0
402021031,Elizabeth East,838.0,1.0
402021032,Munno Para West - Angle Vale,930.0,3.0
402021033,One Tree Hill,1042.0,7.0
402021034,Smithfield - Elizabeth North,756.0,1.0
402021035,Virginia - Waterloo Corner,939.0,3.0
402031036,Enfield - Blair Athol,924.0,2.0
402031038,Windsor Gardens,992.0,5.0
402031175,Northgate - Northfield,1007.0,6.0
402031176,Valley View - Gilles Plains,957.0,4.0
402041040,Ingle Farm,929.0,3.0
402041041,Para Hills,931.0,3.0
402041043,Parafield Gardens,884.0,1.0
402041044,Paralowie,878.0,1.0
402041046,Salisbury,827.0,1.0
402041047,Salisbury East,916.0,2.0
402041048,Salisbury North,836.0,1.0
402041171,Mawson Lakes - Globe Derby Park,1026.0,7.0
402041172,Pooraka - Cavan,906.0,2.0
402051049,Golden Grove,1016.0,6.0
402051050,Greenwith,1004.0,6.0
402051051,Highbury - Dernancourt,1042.0,7.0
402051052,Hope Valley - Modbury,960.0,4.0
402051053,Modbury Heights,992.0,5.0
402051054,Redwood Park,1000.0,6.0
402051055,St Agnes - Ridgehaven,986.0,5.0
403011056,Brighton (SA),1043.0,7.0
403011057,Glenelg (SA),1046.0,7.0
403021058,Edwardstown,983.0,5.0
403021059,Hallett Cove,1025.0,7.0
403021060,Marino - Seaview Downs,1038.0,7.0
403021061,Mitchell Park,957.0,4.0
403021062,Morphettville,1000.0,6.0
403021063,Sheidow Park - Trott Park,1011.0,6.0
403021064,Warradale,977.0,5.0
403031065,Belair,1102.0,9.0
403031066,Bellevue Heights,1048.0,8.0
403031067,Blackwood,1085.0,9.0
403031068,Colonel Light Gardens,1063.0,8.0
403031069,Mitcham (SA),1100.0,9.0
403031070,Panorama,1023.0,7.0
403041071,Aberfoyle Park,1012.0,6.0
403041072,Aldinga,931.0,3.0
403041073,Christie Downs,850.0,1.0
403041074,Christies Beach,920.0,2.0
403041075,Clarendon,1056.0,8.0
403041076,Coromandel Valley,1077.0,9.0
403041077,Flagstaff Hill,1043.0,7.0
403041078,Hackham - Onkaparinga Hills,922.0,2.0
403041079,Hackham West - Huntfield Heights,831.0,1.0
403041080,Happy Valley,997.0,6.0
403041083,McLaren Vale,1010.0,6.0
403041084,Morphett Vale - East,908.0,2.0
403041085,Morphett Vale - West,876.0,1.0
403041086,Reynella,944.0,3.0
403041088,Willunga,1026.0,7.0
403041089,Woodcroft,985.0,5.0
403041177,Seaford - Seaford Meadows,951.0,4.0
403041178,Seaford Rise - Moana,962.0,4.0
404011090,Beverley,987.0,5.0
404011091,Flinders Park,989.0,5.0
404011092,Henley Beach,1043.0,7.0
404011093,Hindmarsh - Brompton,1004.0,6.0
404011094,Royal Park - Hendon - Albert Par,940.0,3.0
404011095,Seaton - Grange,979.0,5.0
404011096,West Lakes,1011.0,6.0
404011097,Woodville - Cheltenham,955.0,4.0
404021099,Largs Bay - Semaphore,993.0,5.0
404021100,North Haven,942.0,3.0
404021101,Port Adelaide,913.0,2.0
404021102,The Parks,902.0,2.0
404031105,Fulham,1039.0,7.0
404031106,Lockleys,1018.0,6.0
404031107,Plympton,1006.0,6.0
404031108,Richmond (SA),999.0,6.0
404031109,West Beach,1050.0,8.0
405011110,Barossa - Angaston,969.0,4.0
405011111,Light,959.0,4.0
405011112,Lyndoch,1001.0,6.0
405011113,Mallala,914.0,2.0
405011114,Nuriootpa,941.0,3.0
405011115,Tanunda,996.0,5.0
405021116,Clare,970.0,4.0
405021117,Gilbert Valley,957.0,4.0
405021118,Goyder,914.0,2.0
405021119,Wakefield - Barunga West,907.0,2.0
405031120,Jamestown,949.0,3.0
405031121,Peterborough - Mount Remarkable,903.0,2.0
405031122,Port Pirie,853.0,1.0
405031123,Port Pirie Surrounds,932.0,3.0
405041124,Kadina,897.0,2.0
405041125,Moonta,904.0,2.0
405041126,Wallaroo,871.0,1.0
405041127,Yorke Peninsula - North,921.0,2.0
405041128,Yorke Peninsula - South,911.0,2.0
406011129,Ceduna,924.0,2.0
406011130,Eyre Peninsula,965.0,4.0
406011131,Kimba - Cleve - Franklin Harbour,953.0,4.0
406011132,Le Hunte - Elliston,961.0,4.0
406011133,Port Lincoln,926.0,2.0
406011134,West Coast (SA),934.0,3.0
406011135,Western,823.0,1.0
406011136,Whyalla,868.0,1.0
406021138,APY Lands,706.0,1.0
406021139,Coober Pedy,868.0,1.0
406021140,Quorn - Lake Gilles,914.0,2.0
406021141,Outback,926.0,3.0
406021142,Port Augusta,874.0,1.0
406021143,Roxby Downs,1004.0,6.0
407011144,Goolwa - Port Elliot,928.0,3.0
407011145,Kangaroo Island,952.0,4.0
407011146,Strathalbyn,952.0,4.0
407011147,Strathalbyn Surrounds,978.0,5.0
407011148,Victor Harbor,925.0,2.0
407011149,Yankalilla,949.0,3.0
407021150,Grant,963.0,4.0
407021151,Kingston - Robe,959.0,4.0
407021152,Millicent,870.0,1.0
407021154,Naracoorte,923.0,2.0
407021155,Naracoorte Surrounds,1018.0,6.0
407021156,Penola,924.0,2.0
407021157,Tatiara,950.0,3.0
407021158,Wattle Range,945.0,3.0
407021173,Mount Gambier - East,907.0,2.0
407021174,Mount Gambier - West,899.0,2.0
407031159,Barmera,908.0,2.0
407031160,Berri,854.0,1.0
407031161,Karoonda - Lameroo,952.0,4.0
407031162,Loxton,929.0,3.0
407031163,Loxton Surrounds,957.0,4.0
407031164,Mannum,884.0,1.0
407031165,Murray Bridge,852.0,1.0
407031166,Murray Bridge Surrounds,942.0,3.0
407031167,Renmark,858.0,1.0
407031168,Renmark Surrounds,937.0,3.0
407031169,The Coorong,911.0,2.0
407031170,Waikerie,893.0,2.0
501011001,Augusta,990.0,5.0
501011003,Busselton Surrounds,1046.0,7.0
501011004,Margaret River,1005.0,6.0
501011293,Busselton - East,963.0,4.0
501011294,Busselton - West,958.0,4.0
501021005,Australind - Leschenault,970.0,4.0
501021007,Capel,951.0,4.0
501021008,College Grove - Carey Park,858.0,1.0
501021009,Collie,872.0,1.0
501021010,Dardanup,1000.0,6.0
501021012,Eaton - Pelican Point,956.0,4.0
501021014,Harvey,938.0,3.0
501021015,East Bunbury - Glen Iris,919.0,2.0
501021016,Waroona,908.0,2.0
501021251,Dalyellup,982.0,5.0
501021252,Gelorup - Stratham,1040.0,7.0
501021253,South Bunbury - Bunbury,983.0,5.0
501021254,Withers - Usher,830.0,1.0
501031017,Bridgetown - Boyup Brook,964.0,4.0
501031018,Donnybrook - Balingup,961.0,4.0
501031019,Manjimup,907.0,2.0
501031020,Pemberton,958.0,4.0
502011021,Dawesville - Bouvard,959.0,4.0
502011022,Falcon - Wannanup,959.0,4.0
502011023,Greenfields,868.0,1.0
502011024,Halls Head - Erskine,970.0,4.0
502011025,Mandurah,858.0,1.0
502011026,Mandurah - East,936.0,3.0
502011027,Mandurah - North,981.0,5.0
502011028,Mandurah - South,886.0,1.0
502011029,Pinjarra,922.0,2.0
503011030,City Beach,1172.0,10.0
503011031,Claremont (WA),1111.0,9.0
503011032,Cottesloe,1160.0,10.0
503011033,Floreat,1170.0,10.0
503011034,Mosman Park - Peppermint Grove,1115.0,10.0
503011035,Nedlands - Dalkeith - Crawley,1147.0,10.0
503011036,Swanbourne - Mount Claremont,1150.0,10.0
503021037,Kings Park (WA),1138.0,10.0
503021038,Mount Hawthorn - Leederville,1119.0,10.0
503021039,Mount Lawley - Inglewood,1098.0,9.0
503021040,North Perth,1099.0,9.0
503021042,Subiaco - Shenton Park,1119.0,10.0
503021043,Wembley - West Leederville - Gle,1087.0,9.0
503021295,East Perth,1080.0,9.0
503021296,Perth (North) - Highgate,1074.0,8.0
503021297,Perth (West) - Northbridge,1085.0,9.0
504011044,Bassendean - Eden Hill - Ashfiel,1005.0,6.0
504011045,Bayswater - Embleton - Bedford,1043.0,7.0
504011046,Maylands,1032.0,7.0
504011047,Morley,980.0,5.0
504011048,Noranda,1016.0,6.0
504021049,Chidlow,996.0,5.0
504021050,Glen Forrest - Darlington,1083.0,9.0
504021051,Helena Valley - Koongamia,1010.0,6.0
504021053,Mundaring,1025.0,7.0
504021054,Swan View - Greenmount - Midvale,947.0,3.0
504031056,Ballajura,951.0,4.0
504031057,Beechboro,961.0,4.0
504031058,Bullsbrook,969.0,4.0
504031060,Gidgegannup,1057.0,8.0
504031061,Hazelmere - Guildford,1036.0,7.0
504031062,Lockridge - Kiara,975.0,5.0
504031065,Middle Swan - Herne Hill,953.0,4.0
504031066,Midland - Guildford,927.0,3.0
504031067,Stratton - Jane Brook,960.0,4.0
504031068,The Vines,1030.0,7.0
504031298,Aveley,1006.0,6.0
504031299,Brabham - Henley Brook,1008.0,6.0
504031300,Ellenbrook,950.0,3.0
505011070,Craigie - Beldon,999.0,6.0
505011071,Currambine - Kinross,1041.0,7.0
505011072,Duncraig,1092.0,9.0
505011073,Greenwood - Warwick,1032.0,7.0
505011074,Heathridge - Connolly,1018.0,6.0
505011075,Hillarys,1105.0,9.0
505011076,Iluka - Burns Beach,1133.0,10.0
505011077,Joondalup - Edgewater,1019.0,6.0
505011078,Kingsley,1049.0,8.0
505011079,Mullaloo - Kallaroo,1087.0,9.0
505011080,Ocean Reef,1082.0,9.0
505011081,Padbury,1042.0,7.0
505011082,Sorrento - Marmion,1112.0,10.0
505011083,Woodvale,1070.0,8.0
505021084,Balcatta - Hamersley,1005.0,6.0
505021085,Balga - Mirrabooka,878.0,1.0
505021088,Innaloo - Doubleview,1060.0,8.0
505021089,Karrinyup - Gwelup - Carine,1114.0,10.0
505021090,Nollamara - Westminster,948.0,3.0
505021091,Osborne Park Industrial,1067.0,8.0
505021092,Scarborough,1080.0,9.0
505021093,Stirling - Osborne Park,1049.0,8.0
505021094,Trigg - North Beach - Watermans,1109.0,9.0
505021095,Tuart Hill - Joondanna,1023.0,7.0
505021096,Wembley Downs - Churchlands - Wo,1121.0,10.0
505021097,Yokine - Coolbinia - Menora,1051.0,8.0
505021301,Dianella - North,1031.0,7.0
505021302,Dianella - South,1015.0,6.0
505031098,Alexander Heights - Koondoola,911.0,2.0
505031099,Butler - Merriwa - Ridgewood,942.0,3.0
505031100,Carramar,1003.0,6.0
505031101,Clarkson,965.0,4.0
505031102,Girrawheen,868.0,1.0
505031104,Marangaroo,932.0,3.0
505031105,Mindarie - Quinns Rocks - Jindal,1051.0,8.0
505031107,Tapping - Ashby - Sinagra,1024.0,7.0
505031255,Alkimos - Eglinton,1003.0,6.0
505031256,Carabooda - Pinjar,1018.0,6.0
505031257,Two Rocks,957.0,4.0
505031258,Yanchep,954.0,4.0
505031303,Hocking - Pearsall,1025.0,7.0
505031304,Landsdale,1048.0,8.0
505031305,Madeley - Darch,1043.0,7.0
505031306,Wanneroo - Sinagra,975.0,5.0
506011110,Armadale - Wungong - Brookdale,882.0,1.0
506011112,Camillo - Champion Lakes,885.0,1.0
506011114,Kelmscott,921.0,2.0
506011115,Mount Nasura - Mount Richon - Be,1020.0,6.0
506011116,Roleystone,1044.0,7.0
506011117,Seville Grove,933.0,3.0
506011307,Harrisdale,1059.0,8.0
506011308,Piara Waters - Forrestdale,1068.0,8.0
506021118,Belmont - Ascot - Redcliffe,983.0,5.0
506021119,East Victoria Park - Carlisle,1045.0,7.0
506021123,Victoria Park - Lathlain - Bursw,1061.0,8.0
506021309,Cloverdale,954.0,4.0
506021310,Kewdale,990.0,5.0
506021311,Rivervale,1010.0,6.0
506031124,Bentley - Wilson - St James,984.0,5.0
506031125,Canning Vale - West,1066.0,8.0
506031127,Cannington - Queens Park,979.0,5.0
506031128,Parkwood - Ferndale - Lynwood,987.0,5.0
506031129,Riverton - Shelley - Rossmoyne,1078.0,9.0
506031131,Willetton,1060.0,8.0
506041132,Beckenham - Kenwick - Langford,941.0,3.0
506041133,Canning Vale - East,1046.0,7.0
506041134,Gosnells,880.0,1.0
506041135,Huntingdale - Southern River,1011.0,6.0
506041136,Maddington - Orange Grove - Mart,914.0,2.0
506041137,Thornlie,958.0,4.0
506051138,Forrestfield - Wattle Grove,984.0,5.0
506051139,High Wycombe,962.0,4.0
506051140,Kalamunda - Maida Vale - Goosebe,1051.0,8.0
506051141,Lesmurdie - Bickley - Carmel,1049.0,8.0
506061142,Byford,986.0,5.0
506061143,Mundijong,1018.0,6.0
506061144,Serpentine - Jarrahdale,1000.0,6.0
506071145,Como,1073.0,8.0
506071146,Manning - Waterford,1079.0,9.0
506071147,South Perth - Kensington,1102.0,9.0
507011148,Banjup,1062.0,8.0
507011152,Coogee,1039.0,7.0
507011153,Coolbellup,984.0,5.0
507011154,Hamilton Hill,961.0,4.0
507011158,North Coogee,1123.0,10.0
507011159,South Lake - Cockburn Central,985.0,5.0
507011160,Spearwood,973.0,4.0
507011161,Success - Hammond Park,1045.0,7.0
507011163,Yangebup,987.0,5.0
507011259,Beeliar - Wattleup,1023.0,7.0
507011260,Jandakot,1068.0,8.0
507021164,East Fremantle,1109.0,9.0
507021165,Fremantle,1070.0,8.0
507021166,Fremantle - South,1037.0,7.0
507031169,Wellard (West) - Bertram,993.0,5.0
507031170,Calista,864.0,1.0
507031172,Hope Valley - Postans,953.0,4.0
507031174,Parmelia - Orelia,871.0,1.0
507031261,Casuarina - Wandi,1037.0,7.0
507041175,Applecross - Ardross,1124.0,10.0
507041176,Bateman,1091.0,9.0
507041177,Bicton - Palmyra,1061.0,8.0
507041178,Booragoon,1098.0,9.0
507041179,Bull Creek,1079.0,9.0
507041180,Leeming,1085.0,9.0
507041181,Melville,1097.0,9.0
507041182,Murdoch - Kardinya,1045.0,7.0
507041183,Willagee,984.0,5.0
507041184,Winthrop,1109.0,9.0
507051186,Cooloongup,877.0,1.0
507051187,Port Kennedy,951.0,4.0
507051188,Rockingham,916.0,2.0
507051190,Safety Bay - Shoalwater,959.0,4.0
507051191,Singleton - Golden Bay - Secret,1010.0,6.0
507051192,Waikiki,944.0,3.0
507051193,Warnbro,917.0,2.0
507051312,Baldivis - North,982.0,5.0
507051313,Baldivis - South,1000.0,6.0
507051314,Karnup,989.0,5.0
509011225,Albany,955.0,4.0
509011226,Albany Surrounds,1008.0,6.0
509011227,Bayonet Head - Lower King,964.0,4.0
509011228,Denmark,981.0,5.0
509011229,Gnowangerup,993.0,5.0
509011230,Katanning,907.0,2.0
509011231,Kojonup,967.0,4.0
509011232,Little Grove - Elleker,993.0,5.0
509011233,McKail - Willyung,920.0,2.0
509011234,Plantagenet,929.0,3.0
509021236,Chittering,1003.0,6.0
509021237,Cunderdin,937.0,3.0
509021238,Dowerin,945.0,3.0
509021239,Gingin - Dandaragan,952.0,4.0
509021240,Merredin,951.0,4.0
509021241,Moora,975.0,5.0
509021242,Mukinbudin,965.0,4.0
509021243,Northam,914.0,2.0
509021244,Toodyay,952.0,4.0
509021245,York - Beverley,936.0,3.0
509031246,Brookton,941.0,3.0
509031247,Kulin,996.0,5.0
509031248,Murray,945.0,3.0
509031249,Narrogin,935.0,3.0
509031250,Wagin,965.0,4.0
510011262,Broome,1007.0,6.0
510011263,Derby - West Kimberley,818.0,1.0
510011264,Halls Creek,702.0,1.0
510011265,Kununurra,934.0,3.0
510011266,Roebuck,836.0,1.0
510021267,East Pilbara,792.0,1.0
510021268,Newman,998.0,6.0
510021269,Port Hedland,1072.0,8.0
510021270,South Hedland,971.0,4.0
510031271,Ashburton (WA),979.0,5.0
510031272,Karratha,1051.0,8.0
510031273,Roebourne,979.0,5.0
511011274,Esperance,950.0,3.0
511011275,Esperance Surrounds,994.0,5.0
511021276,Carnarvon,914.0,2.0
511021277,Exmouth,983.0,5.0
511031278,Boulder,907.0,2.0
511031279,Kalgoorlie,992.0,5.0
511031280,Kalgoorlie - North,1021.0,6.0
511031282,Kambalda - Coolgardie - Norseman,870.0,1.0
511031283,Leinster - Leonora,816.0,1.0
511041285,Geraldton,903.0,2.0
511041286,Geraldton - East,904.0,2.0
511041287,Geraldton - North,973.0,5.0
511041288,Geraldton - South,991.0,5.0
511041289,Irwin,931.0,3.0
511041290,Meekatharra,866.0,1.0
511041291,Morawa,952.0,4.0
511041292,Northampton - Mullewa - Greenoug,942.0,3.0
601011001,Bridgewater - Gagebrook,738.0,1.0
601011002,Brighton - Pontville,930.0,3.0
601011003,Old Beach - Otago,1003.0,6.0
601021004,Bellerive - Rosny,1018.0,6.0
601021005,Cambridge,1059.0,8.0
601021006,Geilston Bay - Risdon,1014.0,6.0
601021007,Howrah - Tranmere,1036.0,7.0
601021008,Lindisfarne - Rose Bay,1020.0,6.0
601021009,Mornington - Warrane,879.0,1.0
601021010,Risdon Vale,841.0,1.0
601021011,Rokeby,871.0,1.0
601021012,South Arm,1032.0,7.0
601031013,Austins Ferry - Granton,967.0,4.0
601031014,Berriedale - Chigwell,899.0,2.0
601031015,Claremont (Tas.),894.0,2.0
601031016,Derwent Park - Lutana,891.0,1.0
601031017,Glenorchy,881.0,1.0
601031018,Montrose - Rosetta,940.0,3.0
601031019,Moonah,944.0,3.0
601031020,New Norfolk,861.0,1.0
601031021,West Moonah,944.0,3.0
601041022,Kingston - Huntingfield,989.0,5.0
601041023,Kingston Beach - Blackmans Bay,1045.0,7.0
601041024,Margate - Snug,1015.0,6.0
601041026,Taroona - Bonnet Hill,1083.0,9.0
601051027,Hobart,1056.0,8.0
601051028,Lenah Valley - Mount Stuart,1052.0,8.0
601051029,Mount Nelson - Dynnyrne,1069.0,8.0
601051030,New Town,1019.0,6.0
601051031,Sandy Bay,1083.0,9.0
601051032,South Hobart - Fern Tree,1067.0,8.0
601051033,West Hobart,1080.0,9.0
601061034,Dodges Ferry - Lewisham,944.0,3.0
601061035,Sorell - Richmond,959.0,4.0
602011036,Invermay,888.0,1.0
602011037,Kings Meadows - Punchbowl,932.0,3.0
602011038,Launceston,1024.0,7.0
602011039,Legana,991.0,5.0
602011040,Mowbray,853.0,1.0
602011041,Newnham - Mayfield,830.0,1.0
602011042,Newstead,995.0,5.0
602011043,Norwood (Tas.),984.0,5.0
602011044,Prospect Vale - Blackstone,961.0,4.0
602011045,Ravenswood,736.0,1.0
602011046,Riverside,991.0,5.0
602011047,South Launceston,957.0,4.0
602011048,Summerhill - Prospect,934.0,3.0
602011049,Trevallyn,1015.0,6.0
602011050,Waverley - St Leonards,876.0,1.0
602011051,West Launceston,995.0,5.0
602011052,Youngtown - Relbia,961.0,4.0
602021053,Beauty Point - Beaconsfield,875.0,1.0
602021054,Deloraine,916.0,2.0
602021055,Grindelwald - Lanena,975.0,5.0
602021056,Hadspen - Carrick,952.0,4.0
602021057,Westbury,929.0,3.0
602031058,Dilston - Lilydale,981.0,5.0
602031059,George Town,847.0,1.0
602031060,Longford,915.0,2.0
602031061,Northern Midlands,902.0,2.0
602031062,Perth - Evandale,957.0,4.0
602031064,St Helens - Scamander,881.0,1.0
602031099,Flinders and Cape Barren Islands,947.0,3.0
602031100,Scottsdale - Bridport,900.0,2.0
603011065,Central Highlands,889.0,1.0
603011066,Derwent Valley,904.0,2.0
603011067,Southern Midlands,911.0,2.0
603021069,Bruny Island - Kettering,1002.0,6.0
603021070,Cygnet,949.0,3.0
603021071,Geeveston - Dover,916.0,2.0
603021072,Huonville - Franklin,957.0,4.0
603031073,Forestier - Tasman,902.0,2.0
603031074,Triabunna - Bicheno,924.0,2.0
604011075,Acton - Upper Burnie,842.0,1.0
604011076,Burnie - Ulverstone Surrounds,950.0,3.0
604011077,Burnie - Wivenhoe,869.0,1.0
604011078,Parklands - Camdale,910.0,2.0
604011079,Penguin - Sulphur Creek,949.0,3.0
604011080,Romaine - Havenview,908.0,2.0
604011081,Somerset,876.0,1.0
604011082,Ulverstone,898.0,2.0
604011083,West Ulverstone,873.0,1.0
604011084,Wynyard,892.0,1.0
604021085,Devonport,876.0,1.0
604021086,East Devonport,814.0,1.0
604021087,Latrobe,899.0,2.0
604021088,Miandetta - Don,953.0,4.0
604021089,Port Sorell,951.0,4.0
604021090,Quoiba - Spreyton,942.0,3.0
604021091,Sheffield - Railton,918.0,2.0
604021092,Turners Beach - Forth,980.0,5.0
604031093,King Island,955.0,4.0
604031094,North West,933.0,3.0
604031095,Smithton,881.0,1.0
604031096,Waratah,939.0,3.0
604031097,West Coast (Tas.),844.0,1.0
701011002,Darwin City,1084.0,9.0
701011004,Fannie Bay - The Gardens,1088.0,9.0
701011005,Larrakeyah,1097.0,9.0
701011006,Ludmilla - The Narrows,985.0,5.0
701011007,Parap,1069.0,8.0
701011008,Stuart Park,1074.0,8.0
701011009,Woolner - Bayview - Winnellie,1118.0,10.0
701021010,Alawa,985.0,5.0
701021011,Anula,995.0,5.0
701021012,Berrimah,1000.0,6.0
701021013,Brinkin - Nakara,1052.0,8.0
701021016,Coconut Grove,971.0,4.0
701021018,Jingili,1031.0,7.0
701021019,Karama,930.0,3.0
701021020,Leanyer,1031.0,7.0
701021021,Lyons (NT),1120.0,10.0
701021022,Malak - Marrara,965.0,4.0
701021023,Millner,983.0,5.0
701021024,Moil,988.0,5.0
701021025,Nightcliff,1067.0,8.0
701021026,Rapid Creek,1065.0,8.0
701021027,Tiwi,1007.0,6.0
701021028,Wagaman,968.0,4.0
701021029,Wanguri,1022.0,7.0
701021030,Wulagi,1005.0,6.0
701031031,Howard Springs,1023.0,7.0
701031032,Humpty Doo,1027.0,7.0
701031034,Virginia,1022.0,7.0
701031035,Weddell,971.0,4.0
701041036,Bakewell,974.0,5.0
701041037,Driver,951.0,4.0
701041038,Durack - Marlow Lagoon,1070.0,8.0
701041039,Gray,900.0,2.0
701041040,Moulden,866.0,1.0
701041041,Palmerston - North,1029.0,7.0
701041042,Palmerston - South,1053.0,8.0
701041043,Rosebery - Bellamack,1042.0,7.0
701041044,Woodroffe,945.0,3.0
702011045,Charles,980.0,5.0
702011046,East Side,998.0,6.0
702011047,Flynn (NT),989.0,5.0
702011048,Larapinta,1007.0,6.0
702011049,Mount Johns,1060.0,8.0
702011050,Petermann - Simpson,876.0,1.0
702011051,Ross,987.0,5.0
702011052,Sandover - Plenty,719.0,1.0
702011053,Tanami,704.0,1.0
702011054,Yuendumu - Anmatjere,677.0,1.0
702021055,Barkly,741.0,1.0
702021056,Tennant Creek,867.0,1.0
702031057,Alligator,913.0,2.0
702031058,Daly,763.0,1.0
702031059,Thamarrurr,689.0,1.0
702031060,Tiwi Islands,729.0,1.0
702031061,West Arnhem,682.0,1.0
702041062,Anindilyakwa,795.0,1.0
702041063,East Arnhem,699.0,1.0
702041064,Nhulunbuy,1042.0,7.0
702051065,Elsey,751.0,1.0
702051066,Gulf,683.0,1.0
702051067,Katherine,965.0,4.0
702051068,Victoria River,678.0,1.0
801011001,Aranda,1147.0,10.0
801011002,Belconnen,1058.0,8.0
801011003,Bruce,1117.0,10.0
801011004,Charnwood,979.0,5.0
801011005,Cook,1104.0,9.0
801011006,Dunlop,1060.0,8.0
801011007,Evatt,1073.0,8.0
801011008,Florey,1033.0,7.0
801011009,Flynn (ACT),1079.0,9.0
801011010,Fraser,1074.0,8.0
801011011,Giralang,1081.0,9.0
801011013,Hawker,1097.0,9.0
801011014,Higgins,1048.0,8.0
801011015,Holt,1027.0,7.0
801011016,Kaleen,1069.0,8.0
801011017,Latham,1041.0,7.0
801011018,Lawson,1131.0,10.0
801011019,Macgregor (ACT),1048.0,8.0
801011020,Macquarie,1055.0,8.0
801011021,McKellar,1079.0,9.0
801011022,Melba,1064.0,8.0
801011023,Page,1040.0,7.0
801011024,Scullin,1040.0,7.0
801011025,Spence,1059.0,8.0
801011026,Weetangera,1144.0,10.0
801011143,Strathnairn,1103.0,9.0
801031113,Canberra East,849.0,1.0
801031114,Canberra Airport,1026.0,7.0
801031115,Majura,1084.0,9.0
801041034,Amaroo,1092.0,9.0
801041035,Bonner,1095.0,9.0
801041036,Casey,1114.0,10.0
801041037,Crace,1150.0,10.0
801041038,Forde,1159.0,10.0
801041039,Franklin,1102.0,9.0
801041040,Gungahlin,1071.0,8.0
801041043,Hall,1089.0,9.0
801041044,Harrison,1114.0,10.0
801041046,Ngunnawal,1053.0,8.0
801041047,Nicholls,1125.0,10.0
801041048,Palmerston,1063.0,8.0
801041118,Jacka,1030.0,7.0
801041120,Moncrieff,1100.0,9.0
801041121,Taylor,1085.0,9.0
801041122,Throsby,1144.0,10.0
801051050,Ainslie,1109.0,9.0
801051051,Braddon,1155.0,10.0
801051053,Civic,1165.0,10.0
801051054,Dickson,1118.0,10.0
801051055,Downer,1087.0,9.0
801051056,Hackett,1132.0,10.0
801051057,Lyneham,1088.0,9.0
801051058,O'Connor (ACT),1119.0,10.0
801051060,Turner,1146.0,10.0
801051061,Watson,1110.0,9.0
801051124,Campbell,1166.0,10.0
801051125,Duntroon,1178.0,10.0
801051127,Reid,1122.0,10.0
801061062,Deakin,1169.0,10.0
801061063,Forrest,1185.0,10.0
801061064,Griffith (ACT),1149.0,10.0
801061067,Narrabundah,1094.0,9.0
801061069,Red Hill (ACT),1164.0,10.0
801061070,Yarralumla,1161.0,10.0
801061129,Barton,1185.0,10.0
801061131,Kingston (ACT),1163.0,10.0
801071071,Banks,1038.0,7.0
801071072,Bonython,1056.0,8.0
801071073,Calwell,1065.0,8.0
801071074,Chisholm,1028.0,7.0
801071075,Conder,1053.0,8.0
801071076,Fadden,1142.0,10.0
801071077,Gilmore,1047.0,8.0
801071078,Gordon (ACT),1050.0,8.0
801071079,Gowrie (ACT),1073.0,8.0
801071080,Greenway,1053.0,8.0
801071081,Isabella Plains,1033.0,7.0
801071082,Kambah,1049.0,8.0
801071083,Macarthur,1116.0,10.0
801071084,Monash,1063.0,8.0
801071086,Oxley (ACT),1045.0,7.0
801071087,Richardson,985.0,5.0
801071088,Theodore,1048.0,8.0
801071089,Tuggeranong,1107.0,9.0
801071090,Wanniassa,1060.0,8.0
801081091,Chapman,1146.0,10.0
801081092,Duffy,1108.0,9.0
801081093,Fisher,1092.0,9.0
801081094,Holder,1111.0,9.0
801081095,Rivett,1068.0,8.0
801081096,Stirling,1071.0,8.0
801081097,Waramanga,1078.0,9.0
801081098,Weston,1105.0,9.0
801091099,Chifley,1093.0,9.0
801091100,Curtin,1135.0,10.0
801091101,Farrer,1126.0,10.0
801091102,Garran,1141.0,10.0
801091103,Hughes,1128.0,10.0
801091104,Isaacs,1115.0,10.0
801091105,Lyons (ACT),1067.0,8.0
801091106,Mawson,1084.0,9.0
801091107,O'Malley,1169.0,10.0
801091108,Pearce,1108.0,9.0
801091109,Phillip,1085.0,9.0
801091110,Torrens,1112.0,10.0
801101135,Coombs,1117.0,10.0
801101136,Denman Prospect,1174.0,10.0
801101139,Wright,1142.0,10.0
801111140,ACT - South West,1110.0,9.0
801111141,Namadgi,932.0,3.0
901011001,Christmas Island,972.0,4.0
901021002,Cocos (Keeling) Islands,903.0,2.0
901031003,Jervis Bay,905.0,2.0
901041004,Norfolk Island,958.0,4.0
