SA3_NAME21,SA3_CODE21,SA3_CODE_2011,year,total_persons,overseas_born,overseas_born_pct,diversity_simpson,recent_arrivals_2007_2011,new_arrivals_share,recent_arrivals_rate
,10101,10101,2011,67499,5439,8.057897154,0.819382233,1593,29.28847215,2.360034963
Queanbeyan,10102,10102,2011,53512,9214,17.2185678,0.892892343,4224,45.84328196,7.893556585
Snowy Mountains,10103,10103,2011,18930,2358,12.45641838,0.842115089,591,25.06361323,3.122028526
South Coast,10104,10104,2011,67881,8626,12.7075323,0.758888589,1188,13.77231625,1.750121536
Gosford,10201,10201,2011,163111,25697,15.75430228,0.788883594,7542,29.34972954,4.623845112
Wyong,10202,10202,2011,149077,17892,12.00185139,0.79222978,3513,19.63447351,2.356500332
Bathurst,10301,10301,2011,43554,3667,8.419433347,0.848977187,1191,32.47886556,2.734536438
Lachlan Valley,10302,10302,2011,54795,2574,4.697508897,0.83448676,1020,39.62703963,1.861483712
Lithgow - Mudgee,10303,10303,2011,43919,3694,8.410938318,0.813832349,780,21.11532214,1.775996721
Orange,10304,10304,2011,54470,4257,7.81531118,0.862938071,1758,41.29668781,3.227464659
Clarence Valley,10401,10401,2011,49238,3573,7.256590438,0.770895533,738,20.65491184,1.498842358
Coffs Harbour,10402,10402,2011,81362,10363,12.73690421,0.816693521,4476,43.19212583,5.501339692
Bourke - Cobar - Coonamble,10501,10501,2011,25293,1463,5.78420907,0.875862059,963,65.82365003,3.807377535
Broken Hill and Far West,10502,10502,2011,21203,983,4.636136396,0.877917476,468,47.6093591,2.207234825
Dubbo,10503,10503,2011,67098,3471,5.173030493,0.870752361,1449,41.74589455,2.159527855
Lower Hunter,10601,10601,2011,81987,5619,6.853525559,0.811402444,1920,34.1697811,2.341834681
Maitland,10602,10602,2011,64207,4902,7.634681577,0.846622025,1968,40.14687882,3.065086361
Port Stephens,10603,10603,2011,67503,7512,11.12839429,0.77292966,2151,28.6341853,3.186525043
Upper Hunter,10604,10604,2011,29547,2063,6.982096321,0.843193642,1494,72.41880756,5.056350899
Dapto - Port Kembla,10701,10701,2011,71918,15843,22.02925554,0.859151476,2007,12.66805529,2.790678272
Illawarra Catchment Reserve,10702,10702,2011,12,0,0,,0,,0
Kiama - Shellharbour,10703,10703,2011,83532,14037,16.80433846,0.799921674,2427,17.29001923,2.905473352
Wollongong,10704,10704,2011,120524,25946,21.52766254,0.892321157,15984,61.60487166,13.26208888
Great Lakes,10801,10801,2011,29848,2924,9.79630126,0.764374178,324,11.08071135,1.085499866
Kempsey - Nambucca,10802,10802,2011,46828,3741,7.988810114,0.754760333,600,16.03849238,1.281284701
Lord Howe Island,10803,10803,2011,360,41,11.38888889,0.698393813,18,43.90243902,5
Port Macquarie,10804,10804,2011,72711,8028,11.04097042,0.738927735,1806,22.49626308,2.483805752
Taree - Gloucester,10805,10805,2011,51359,4193,8.164099768,0.766134761,846,20.17648462,1.647228334
Albury,10901,10901,2011,57438,5432,9.457153801,0.857393513,3177,58.48674521,5.531181448
Lower Murray,10902,10902,2011,12424,744,5.98840953,0.862538299,324,43.5483871,2.607855763
Upper Murray exc. Albury,10903,10903,2011,40457,2633,6.50814445,0.791735213,759,28.82643373,1.876065947
Armidale,11001,11001,2011,35945,3452,9.603560996,0.858813605,2736,79.25840093,7.611628877
Inverell - Tenterfield,11002,11002,2011,37761,2269,6.008845105,0.820207829,801,35.30189511,2.121236196
Moree - Narrabri,11003,11003,2011,25687,1126,4.383540312,0.891222801,684,60.74600355,2.662825554
Tamworth - Gunnedah,11004,11004,2011,76805,3832,4.989258512,0.832893042,1497,39.065762,1.949091856
Lake Macquarie - East,11101,11101,2011,116868,10981,9.396070781,0.842968799,3483,31.71842273,2.98028545
Lake Macquarie - West,11102,11102,2011,70005,7079,10.11213485,0.813359075,1752,24.74925837,2.50267838
Newcastle,11103,11103,2011,155737,19052,12.23344485,0.896644917,12414,65.15851354,7.971130817
Richmond Valley - Coastal,11201,11201,2011,73228,9679,13.21762167,0.810252434,3327,34.37338568,4.543344076
Richmond Valley - Hinterland,11202,11202,2011,69286,5698,8.223883613,0.831113883,1722,30.22113022,2.485350576
Tweed Valley,11203,11203,2011,85105,12664,14.88044181,0.7624014,3996,31.55401137,4.6953763
Griffith - Murrumbidgee (West),11301,11301,2011,46594,5631,12.08524703,0.85635184,3570,63.39904102,7.661930721
Tumut - Tumbarumba,11302,11302,2011,14327,1208,8.431632582,0.863577804,618,51.1589404,4.313533887
Wagga Wagga,11303,11303,2011,89194,6135,6.878265354,0.868023824,4035,65.77017115,4.523846896
Shoalhaven,11401,11401,2011,92621,11692,12.62348711,0.753677304,1827,15.62606911,1.97255482
Southern Highlands,11402,11402,2011,44386,6710,15.11737935,0.754777952,1116,16.6318927,2.514306313
Baulkham Hills,11501,11501,2011,133822,46741,34.92773983,0.923220245,16593,35.49988233,12.39930654
Dural - Wisemans Ferry,11502,11502,2011,25336,5411,21.35696243,0.88738598,1353,25.00462022,5.340227344
Hawkesbury,11503,11503,2011,24074,2850,11.83849796,0.795022222,387,13.57894737,1.607543408
Rouse Hill - McGraths Hill,11504,11504,2011,27181,6275,23.08597918,0.912370127,1845,29.40239044,6.787829734
Blacktown,11601,11601,2011,125022,49067,39.24669258,0.898431415,24456,49.8420527,19.5613572
Blacktown - North,11602,11602,2011,74777,26800,35.83989729,0.894767768,10788,40.25373134,14.42689597
Mount Druitt,11603,11603,2011,103728,38347,36.96880302,0.850800903,16068,41.90158291,15.49051365
Botany,11701,11701,2011,39357,16507,41.94171304,0.883774952,7539,45.67153329,19.15542343
Marrickville - Sydenham - Petersham,11702,11702,2011,50613,17625,34.82306917,0.899580414,8184,46.43404255,16.16975876
Sydney Inner City,11703,11703,2011,174572,71987,41.23628073,0.909000994,75132,104.3688444,43.03782966
Eastern Suburbs - North,11801,11801,2011,120557,41577,34.48742089,0.860097103,28077,67.53012483,23.28939838
Eastern Suburbs - South,11802,11802,2011,128990,49214,38.15334522,0.903426756,39240,79.73340919,30.42096287
Bankstown,11901,11901,2011,159072,58414,36.72173607,0.891785791,17718,30.33176978,11.13835244
Canterbury,11902,11902,2011,125426,61101,48.71478003,0.87977786,31080,50.86659793,24.77955129
Hurstville,11903,11903,2011,116603,47562,40.78968809,0.84497727,23253,48.88987006,19.94202551
Kogarah - Rockdale,11904,11904,2011,122500,53559,43.72163265,0.89617411,26979,50.37248642,22.02367347
Canada Bay,12001,12001,2011,74156,25631,34.56362263,0.913680731,12624,49.25285787,17.02357193
Leichhardt,12002,12002,2011,52197,14755,28.26790812,0.860173857,7938,53.7987123,15.20777056
Strathfield - Burwood - Ashfield,12003,12003,2011,137207,64342,46.8941089,0.898985051,43161,67.08060054,31.45684987
Chatswood - Lane Cove,12101,12101,2011,100198,38013,37.93788299,0.907094426,25440,66.92447321,25.38972834
Hornsby,12102,12102,2011,76536,25661,33.52801296,0.898250937,13911,54.21066989,18.17576043
Ku-ring-gai,12103,12103,2011,109578,38214,34.87378853,0.897829382,17565,45.96482964,16.02967749
North Sydney - Mosman,12104,12104,2011,88355,29656,33.56459736,0.874826443,23802,80.26031832,26.93905269
Manly,12201,12201,2011,39747,13052,32.83769844,0.802428972,11421,87.50383083,28.73424409
Pittwater,12202,12202,2011,57155,12884,22.54220978,0.789062791,4368,33.90251475,7.642375995
Warringah,12203,12203,2011,140741,39044,27.74173837,0.860769351,18441,47.23132876,13.10279165
Camden,12301,12301,2011,52233,7886,15.09773515,0.825393869,2061,26.13492265,3.945781403
Campbelltown (NSW),12302,12302,2011,147164,41371,28.11217417,0.874837854,13305,32.16020884,9.040933924
Wollondilly,12303,12303,2011,36402,4512,12.39492336,0.783305394,612,13.56382979,1.681226306
Blue Mountains,12401,12401,2011,75697,12445,16.44054586,0.773860591,2028,16.29570108,2.67910221
Blue Mountains - South,12402,12402,2011,9,4,44.44444444,0,0,0,0
Penrith,12403,12403,2011,124673,23148,18.5669712,0.868321758,6576,28.40850181,5.274598349
Richmond - Windsor,12404,12404,2011,35750,4854,13.57762238,0.854862606,996,20.51915946,2.786013986
St Marys,12405,12405,2011,52065,13401,25.73898012,0.90292629,3723,27.78150884,7.150677038
Auburn,12501,12501,2011,74421,42234,56.75011086,0.883048392,29472,69.78263958,39.60172532
Carlingford,12502,12502,2011,59597,23774,39.89126969,0.892218141,8700,36.59459914,14.59805024
Merrylands - Guildford,12503,12503,2011,135913,56787,41.78187517,0.892132161,23301,41.03227851,17.14405539
Parramatta,12504,12504,2011,124775,58843,47.15928672,0.860691271,50025,85.01436025,40.0921659
Pennant Hills - Epping,12601,12601,2011,43006,16299,37.89936288,0.902209933,7740,47.48757592,17.99748872
Ryde - Hunters Hill,12602,12602,2011,119840,48438,40.41889186,0.899892493,30396,62.75238449,25.36381842
Bringelly - Green Valley,12701,12701,2011,80341,30141,37.51633662,0.901025545,5820,19.30924654,7.24412193
Fairfield,12702,12702,2011,175637,92130,52.45477889,0.856317971,28371,30.79452947,16.15320234
Liverpool,12703,12703,2011,104189,42357,40.65400378,0.916047429,18420,43.48749911,17.67940953
Cronulla - Miranda - Caringbah,12801,12801,2011,104368,18697,17.91449486,0.88879061,6486,34.69005723,6.214548521
Sutherland - Menai - Heathcote,12802,12802,2011,105900,17543,16.56562795,0.881389808,4488,25.58285356,4.23796034
Migratory - Offshore - Shipping (NSW),19797,19797,2011,112,48,42.85714286,0.8671875,9,18.75,8.035714286
No usual address (NSW),19999,19999,2011,12918,3097,23.97429943,0.882227627,3141,101.4207297,24.31490943
Ballarat,20101,20101,2011,95583,8199,8.577885189,0.85477224,4266,52.03073546,4.46313675
Creswick - Daylesford - Ballan,20102,20102,2011,26765,3249,12.13898748,0.795007693,486,14.95844875,1.815804222
Maryborough - Pyrenees,20103,20103,2011,23889,2172,9.092050735,0.699541545,318,14.64088398,1.331156599
Bendigo,20201,20201,2011,86079,5799,6.736834768,0.858973223,3660,63.11433006,4.251908131
Heathcote - Castlemaine - Kyneton,20202,20202,2011,43429,4789,11.02719381,0.762678497,690,14.40801838,1.588800111
Loddon - Elmore,20203,20203,2011,11187,786,7.026012336,0.795333735,162,20.61068702,1.448109413
Barwon - West,20301,20301,2011,16616,1710,10.29128551,0.739603297,384,22.45614035,2.311025518
Geelong,20302,20302,2011,173452,28584,16.47948712,0.886019938,12468,43.61880772,7.188155801
Surf Coast - Bellarine Peninsula,20303,20303,2011,60584,7527,12.42407236,0.755252448,2334,31.00836987,3.852502311
Upper Goulburn Valley,20401,20401,2011,49912,5337,10.69281936,0.815309346,1860,34.85103991,3.726558743
Wangaratta - Benalla,20402,20402,2011,44232,3451,7.802043769,0.848148786,930,26.94871052,2.10255019
Wodonga - Alpine,20403,20403,2011,65146,6722,10.31836183,0.849844078,2202,32.75810771,3.380100083
Baw Baw,20501,20501,2011,42985,4460,10.37571246,0.796374047,1116,25.02242152,2.596254507
Gippsland - East,20502,20502,2011,42296,4543,10.74096841,0.766783748,828,18.22584195,1.957631927
Gippsland - South West,20503,20503,2011,57019,7441,13.05003595,0.77493392,1854,24.91600591,3.25154773
Latrobe Valley,20504,20504,2011,72217,9870,13.66714209,0.857707215,3456,35.01519757,4.785576803
Wellington,20505,20505,2011,41335,4288,10.37377525,0.837447267,1374,32.04291045,3.324059514
Brunswick - Coburg,20601,20601,2011,78896,25085,31.79502129,0.90681593,17763,70.81124178,22.5144494
Darebin - South,20602,20602,2011,48559,13423,27.6426615,0.904393481,7110,52.96878492,14.64198192
Essendon,20603,20603,2011,60930,15932,26.14803873,0.905745437,10569,66.3381873,17.34613491
Melbourne City,20604,20604,2011,93617,43902,46.89532884,0.908839309,62685,142.7839278,66.95899249
Port Phillip,20605,20605,2011,91382,28173,30.82992274,0.894541723,26463,93.93035885,28.95865707
Stonnington - West,20606,20606,2011,53781,16458,30.60188542,0.909882387,13359,81.17025155,24.83962738
Yarra,20607,20607,2011,74833,21521,28.75870271,0.903483517,14127,65.64286046,18.87803509
Boroondara,20701,20701,2011,159184,44617,28.02857071,0.91765798,29829,66.85568281,18.73869233
Manningham - West,20702,20702,2011,85907,34835,40.54966417,0.913874254,13206,37.91014784,15.37243764
Whitehorse - West,20703,20703,2011,94914,32663,34.41325832,0.892659551,26436,80.93561522,27.85258234
Bayside,20801,20801,2011,91814,22143,24.11723702,0.858792125,12057,54.45061645,13.13198423
Glen Eira,20802,20802,2011,138066,48054,34.80509322,0.886830705,32511,67.65513797,23.54743384
Kingston,20803,20803,2011,108971,27698,25.4177717,0.895052708,11820,42.67456134,10.84692258
Stonnington - East,20804,20804,2011,39367,10630,27.00231158,0.919001636,8931,84.01693321,22.68651409
Banyule,20901,20901,2011,118306,25974,21.95493043,0.91639134,13068,50.31185031,11.04593174
Darebin - North,20902,20902,2011,87916,32425,36.88179626,0.907346911,24033,74.11873554,27.33632103
Nillumbik - Kinglake,20903,20903,2011,63919,9322,14.58408298,0.831901345,2487,26.67882429,3.890861872
Whittlesea - Wallan,20904,20904,2011,166906,53409,31.99944879,0.927287415,23676,44.32960737,14.18523001
Keilor,21001,21001,2011,54826,15492,28.25666655,0.892942679,3441,22.21146398,6.276219312
Macedon Ranges,21002,21002,2011,26638,3432,12.88385014,0.783791383,741,21.59090909,2.781740371
Moreland - North,21003,21003,2011,67610,24207,35.80387517,0.902910334,14982,61.8911885,22.15944387
Sunbury,21004,21004,2011,36852,5627,15.26918485,0.852251273,1473,26.17735916,3.997069359
Tullamarine - Broadmeadows,21005,21005,2011,132559,48561,36.63349905,0.911799346,23946,49.31117563,18.06440906
Knox,21101,21101,2011,149340,41379,27.70791483,0.915932141,13623,32.92249692,9.122137405
Manningham - East,21102,21102,2011,25504,5651,22.15730866,0.900962526,1368,24.20810476,5.363864492
Maroondah,21103,21103,2011,103412,21567,20.8554133,0.873559265,10569,49.00542495,10.22028391
Whitehorse - East,21104,21104,2011,57133,17860,31.26039242,0.920406753,9462,52.9787234,16.56135683
Yarra Ranges,21105,21105,2011,143708,23428,16.3025023,0.784748033,5220,22.28103124,3.63236563
Cardinia,21201,21201,2011,74337,12238,16.46286506,0.814040675,4602,37.60418369,6.190726018
Casey - North,21202,21202,2011,124020,44369,35.77568134,0.889446534,19932,44.92325723,16.07160135
Casey - South,21203,21203,2011,128361,43624,33.98540055,0.876854451,24114,55.27691179,18.78607988
Dandenong,21204,21204,2011,169067,91069,53.86562724,0.90252822,60111,66.00599545,35.55454347
Monash,21205,21205,2011,162229,72671,44.7953202,0.915384327,55044,75.744107,33.92981526
Brimbank,21301,21301,2011,174422,81994,47.00897823,0.890662015,42042,51.2744835,24.10361078
Hobsons Bay,21302,21302,2011,79413,23788,29.9547933,0.925443535,11124,46.76307382,14.0077821
Maribyrnong,21303,21303,2011,71635,28308,39.51699588,0.881559587,21243,75.04239084,29.6544985
Melton - Bacchus Marsh,21304,21304,2011,124562,32191,25.84335512,0.912291175,13329,41.40598304,10.70069524
Wyndham,21305,21305,2011,166021,56254,33.88366532,0.903555392,44355,78.84772638,26.71649972
Frankston,21401,21401,2011,126458,27519,21.76137532,0.828000926,10377,37.70849231,8.205886539
Mornington Peninsula,21402,21402,2011,144608,26204,18.12071255,0.702480396,7512,28.66737903,5.194733348
Grampians,21501,21501,2011,59249,3901,6.584077368,0.848409964,2316,59.36939246,3.908926733
Mildura,21502,21502,2011,50979,5155,10.1120069,0.89124903,2799,54.29679922,5.490496087
Murray River - Swan Hill,21503,21503,2011,37202,3266,8.779097898,0.902271881,2559,78.35272505,6.878662438
Campaspe,21601,21601,2011,36549,2308,6.314810255,0.830559969,798,34.57538995,2.18337027
Moira,21602,21602,2011,28123,2519,8.957081392,0.850817156,1113,44.18420008,3.957614764
Shepparton,21603,21603,2011,60223,7923,13.15610315,0.880862563,5229,65.99772813,8.68272919
Glenelg - Southern Grampians,21701,21701,2011,35993,2714,7.540355069,0.812303246,1182,43.55195284,3.283971883
,21702,21702,2011,84668,5870,6.932961686,0.816064185,2838,48.34752981,3.351915718
Migratory - Offshore - Shipping (Vic.),29797,29797,2011,36,16,44.44444444,0.796875,0,0,0
No usual address (Vic.),29999,29999,2011,8308,2216,26.67308618,0.889957676,2874,129.6931408,34.59316322
Capalaba,30101,30101,2011,69943,14575,20.83839698,0.814903614,6603,45.30360206,9.440544443
Cleveland - Stradbroke,30102,30102,2011,76459,18387,24.04818269,0.764580269,10152,55.21292217,13.27770439
Wynnum - Manly,30103,30103,2011,65027,14410,22.16002584,0.824824865,10152,70.45107564,15.61197656
Bald Hills - Everton Park,30201,30201,2011,37764,8270,21.89916322,0.89460944,4719,57.06166868,12.49602796
Chermside,30202,30202,2011,65894,13578,20.60582147,0.884964546,10479,77.17631463,15.90281361
Nundah,30203,30203,2011,34568,8350,24.15528813,0.882407286,7836,93.84431138,22.6683638
Sandgate,30204,30204,2011,52824,11593,21.94646373,0.86180765,7980,68.83464159,15.10676965
Carindale,30301,30301,2011,47010,11066,23.53967241,0.897365409,7161,64.71172962,15.23292916
Holland Park - Yeronga,30302,30302,2011,65186,16835,25.82609763,0.889627277,16575,98.45559846,25.42723898
Mt Gravatt,30303,30303,2011,65662,22519,34.29533063,0.904559907,18453,81.94413606,28.1030124
Nathan,30304,30304,2011,36517,10545,28.87696142,0.878011745,9645,91.46514936,26.41235589
Rocklea - Acacia Ridge,30305,30305,2011,53641,21672,40.40193136,0.896898354,13896,64.11960133,25.90555732
Sunnybank,30306,30306,2011,46067,22386,48.59443854,0.876776611,19050,85.097829,41.35281221
Centenary,30401,30401,2011,32063,10331,32.22094002,0.901200315,4431,42.89033007,13.81966753
Kenmore - Brookfield - Moggill,30402,30402,2011,43622,13063,29.94589886,0.85757168,7677,58.76904233,17.59891798
Sherwood - Indooroopilly,30403,30403,2011,47296,14369,30.38100474,0.904849857,18699,130.1343169,39.53611299
The Gap - Enoggera,30404,30404,2011,47372,8713,18.39272144,0.846844611,5022,57.63801217,10.60119902
Brisbane Inner,30501,30501,2011,57583,20509,35.61641457,0.891982173,26802,130.6840899,46.54498724
Brisbane Inner - East,30502,30502,2011,37575,8548,22.74916833,0.863189024,8070,94.40804867,21.47704591
Brisbane Inner - North,30503,30503,2011,75273,17748,23.57817544,0.886280888,19209,108.2319135,25.51911044
Brisbane Inner - West,30504,30504,2011,53542,11859,22.14896717,0.880594661,11493,96.9137364,21.46539166
Cairns - North,30601,30601,2011,47219,10308,21.83019547,0.817458164,5739,55.67520373,12.1540058
Cairns - South,30602,30602,2011,94731,17352,18.31712956,0.855346951,11568,66.66666667,12.2114197
Innisfail - Cassowary Coast,30603,30603,2011,33464,3993,11.93222568,0.87992266,2244,56.19834711,6.705713603
Port Douglas - Daintree,30604,30604,2011,10787,2048,18.98581626,0.828921795,1158,56.54296875,10.73514416
Tablelands (East) - Kuranda,30605,30605,2011,38235,5524,14.44749575,0.851855323,1662,30.08689356,4.346802668
Darling Downs (West) - Maranoa,30701,30701,2011,43411,2568,5.915551358,0.864062606,2538,98.8317757,5.84644445
Darling Downs - East,30702,30702,2011,40363,2739,6.785917796,0.833382719,1776,64.84118291,4.40006937
Granite Belt,30703,30703,2011,38500,3737,9.706493506,0.83561896,1050,28.09740434,2.727272727
Central Highlands (Qld),30801,30801,2011,29662,3114,10.49828063,0.811940316,2709,86.99421965,9.13289731
,30802,30802,2011,72343,8332,11.51735482,0.844404034,6270,75.25204033,8.667044496
Rockhampton,30803,30803,2011,109336,10022,9.166239848,0.855245401,7602,75.85312313,6.952879198
Broadbeach - Burleigh,30901,30901,2011,57920,14182,24.48549724,0.820921857,8526,60.11846002,14.72030387
Coolangatta,30902,30902,2011,50099,8728,17.42150542,0.790631057,4347,49.80522456,8.676819897
Gold Coast - North,30903,30903,2011,59605,17950,30.11492324,0.813161208,10587,58.98050139,17.76193272
Gold Coast Hinterland,30904,30904,2011,17135,3887,22.68456376,0.766282548,1017,26.16413687,5.935220309
Mudgeeraba - Tallebudgera,30905,30905,2011,31076,7321,23.55837302,0.805494691,3462,47.28862177,11.14042991
Nerang,30906,30906,2011,62673,16710,26.66219903,0.777800433,9582,57.34290844,15.28888038
Ormeau - Oxenford,30907,30907,2011,94057,25974,27.61516952,0.759162679,19059,73.37722338,20.26324463
Robina,30908,30908,2011,45191,14672,32.46664159,0.853776935,9378,63.9176663,20.75191963
Southport,30909,30909,2011,54548,16930,31.03688495,0.863935422,13218,78.0744241,24.23186918
Surfers Paradise,30910,30910,2011,35328,11035,31.23584692,0.859934159,10377,94.03715451,29.37330163
Forest Lake - Oxley,31001,31001,2011,63573,22741,35.77147531,0.857932129,14205,62.46427158,22.34439149
Ipswich Hinterland,31002,31002,2011,56949,5996,10.52871868,0.772165655,1278,21.31420947,2.244113154
Ipswich Inner,31003,31003,2011,94911,12121,12.7709117,0.818808282,5817,47.99108984,6.128899706
Springfield - Redbank,31004,31004,2011,66360,19247,29.00391802,0.822036368,13602,70.67075388,20.49728752
Beaudesert,31101,31101,2011,12380,1374,11.09854604,0.763792749,411,29.91266376,3.319870759
Beenleigh,31102,31102,2011,37758,8912,23.60294507,0.784112922,4782,53.65798923,12.66486572
Browns Plains,31103,31103,2011,72712,18984,26.10848278,0.816279887,9981,52.57585335,13.72675762
Jimboomba,31104,31104,2011,37343,6581,17.62311544,0.76407258,1437,21.8355873,3.848110757
Loganlea - Carbrook,31105,31105,2011,54882,14448,26.32557123,0.814793481,6987,48.35963455,12.73095004
Springwood - Kingston,31106,31106,2011,75355,23419,31.07822971,0.824655006,15477,66.08736496,20.53878309
Bowen Basin - North,31201,31201,2011,35480,3683,10.38049605,0.849771193,3186,86.50556611,8.979706877
Mackay,31202,31202,2011,112798,13197,11.69967553,0.855508405,11151,84.49647647,9.885813578
Whitsunday,31203,31203,2011,18533,2948,15.90676091,0.801986122,1932,65.53595658,10.42464793
Bribie - Beachmere,31301,31301,2011,30534,5571,18.24523482,0.743574672,1980,35.54119548,6.484574573
Caboolture,31302,31302,2011,59052,9064,15.34918377,0.805123822,4872,53.75110327,8.250355619
Caboolture Hinterland,31303,31303,2011,11291,1496,13.24949074,0.823574988,738,49.3315508,6.536179258
Narangba - Burpengary,31304,31304,2011,58590,10238,17.47397167,0.767139387,4917,48.02695839,8.392217102
Redcliffe,31305,31305,2011,55990,12521,22.36292195,0.781092161,6471,51.68117562,11.55742097
The Hills District,31401,31401,2011,80513,14239,17.68534274,0.805433746,6633,46.58332748,8.238421125
North Lakes,31402,31402,2011,51570,12245,23.74442505,0.801457116,10713,87.48877093,20.77370564
Strathpine,31403,31403,2011,35352,6693,18.93245078,0.820133936,3672,54.86329,10.38696538
Far North,31501,31501,2011,29880,2447,8.189424364,0.854995542,1017,41.56109522,3.403614458
Outback - North,31502,31502,2011,33132,3782,11.41494628,0.847642721,3597,95.10840825,10.85657371
Outback - South,31503,31503,2011,19912,1165,5.85074327,0.847116727,816,70.04291845,4.098031338
Buderim,31601,31601,2011,45740,10368,22.66724967,0.770460629,6123,59.05671296,13.38653258
Caloundra,31602,31602,2011,70040,13612,19.43460879,0.758771085,7800,57.30238025,11.13649343
Maroochy,31603,31603,2011,51085,10019,19.61241069,0.788550342,6210,61.98223376,12.15621024
,31604,31604,2011,57861,9880,17.07540485,0.772745066,3159,31.97368421,5.459636024
Noosa,31605,31605,2011,35896,8598,23.95252953,0.759330962,4323,50.27913468,12.04312458
Sunshine Coast Hinterland,31606,31606,2011,46298,7925,17.11737008,0.75486382,2250,28.39116719,4.859821159
Toowoomba,31701,31701,2011,140221,15818,11.28076394,0.860030756,12741,80.54747756,9.0863708
Charters Towers - Ayr - Ingham,31801,31801,2011,43371,3374,7.779391759,0.848742555,1422,42.14582098,3.278688525
Townsville,31802,31802,2011,174529,23083,13.22588223,0.852358772,16554,71.71511502,9.484956655
Bundaberg,31901,31901,2011,84739,9973,11.76907917,0.818831762,4014,40.24867141,4.736898004
Burnett,31902,31902,2011,47472,4442,9.357094708,0.80701547,1455,32.75551553,3.064964611
Gympie - Cooloola,31903,31903,2011,45688,4956,10.84748731,0.790039596,1407,28.38983051,3.07958326
Hervey Bay,31904,31904,2011,52838,9086,17.19595745,0.770172043,2976,32.75368699,5.63231008
Maryborough,31905,31905,2011,42522,4224,9.933681388,0.775100862,930,22.01704545,2.187103147
Migratory - Offshore - Shipping (Qld),39797,39797,2011,471,110,23.35456476,0.783140496,60,54.54545455,12.7388535
No usual address (Qld),39999,39999,2011,12545,3285,26.18573137,0.816834604,3804,115.7990868,30.32283778
Adelaide City,40101,40101,2011,19640,7909,40.26985743,0.890290891,12417,156.9983563,63.22301426
Adelaide Hills,40102,40102,2011,68057,11150,16.38332574,0.692968336,2838,25.4529148,4.170033942
Burnside,40103,40103,2011,42193,11364,26.93337757,0.894197789,7536,66.31467793,17.86078259
Campbelltown (SA),40104,40104,2011,48501,15817,32.61169873,0.882883032,9660,61.07352848,19.91711511
Norwood - Payneham - St Peters,40105,40105,2011,34887,10105,28.96494396,0.897154798,8238,81.52399802,23.61338034
Prospect - Walkerville,40106,40106,2011,26953,7093,26.31618002,0.893111675,5901,83.194699,21.89366675
Unley,40107,40107,2011,36840,8462,22.96959826,0.890890447,6366,75.23044198,17.28013029
Gawler - Two Wells,40201,40201,2011,31640,5583,17.64538559,0.549683703,1128,20.2041913,3.565107459
Playford,40202,40202,2011,79870,17444,21.8404908,0.678548372,5376,30.81861958,6.730937774
Port Adelaide - East,40203,40203,2011,60936,19677,32.2912564,0.887851595,17196,87.39137064,28.21977156
Salisbury,40204,40204,2011,127662,35549,27.84618759,0.854846776,17499,49.22501336,13.70728956
Tea Tree Gully,40205,40205,2011,91538,21679,23.68306059,0.729203965,7371,34.00064579,8.052393541
Holdfast Bay,40301,40301,2011,33068,7434,22.48094835,0.767867086,5436,73.12348668,16.43885327
Marion,40302,40302,2011,84325,21161,25.09457456,0.836791826,14079,66.53277255,16.69611622
Mitcham,40303,40303,2011,61657,13550,21.97641792,0.855863226,8598,63.45387454,13.94488866
Onkaparinga,40304,40304,2011,160818,35055,21.79793307,0.630367457,13299,37.93752674,8.269596687
Charles Sturt,40401,40401,2011,102230,27965,27.35498386,0.902152456,15738,56.27748972,15.39469823
Port Adelaide - West,40402,40402,2011,56601,15929,28.14261232,0.888775041,9501,59.64592881,16.78592251
West Torrens,40403,40403,2011,57823,16739,28.94868824,0.905727847,14838,88.64328813,25.66106912
Barossa,40501,40501,2011,33199,3942,11.87385162,0.575012208,747,18.94977169,2.250067773
Lower North,40502,40502,2011,22054,2082,9.440464315,0.644463638,501,24.06340058,2.271696744
Mid North,40503,40503,2011,27263,2135,7.831126435,0.749706739,645,30.21077283,2.365843818
Yorke Peninsula,40504,40504,2011,23998,2280,9.500791733,0.595865266,297,13.02631579,1.237603134
Eyre Peninsula and South West,40601,40601,2011,56396,6737,11.94588269,0.703342921,2229,33.0859433,3.952407972
Outback - North and East,40602,40602,2011,28222,2654,9.404011055,0.863610344,1686,63.52675207,5.974062788
Fleurieu - Kangaroo Island,40701,40701,2011,46350,8056,17.38079827,0.547005433,1455,18.06107249,3.139158576
Limestone Coast,40702,40702,2011,63077,5984,9.486817699,0.834752243,3423,57.20254011,5.426700699
Murray and Mallee,40703,40703,2011,67698,7417,10.95601052,0.853267009,3828,51.61116354,5.654524506
Migratory - Offshore - Shipping (SA),49797,49797,2011,5,0,0,,0,,0
No usual address (SA),49999,49999,2011,3068,663,21.61016949,0.835095287,666,100.4524887,21.70795306
Augusta - Margaret River - Busselton,50101,50101,2011,42046,7575,18.0159825,0.720113174,3648,48.15841584,8.676211768
Bunbury,50102,50102,2011,94386,17662,18.71252092,0.798475118,11439,64.76616465,12.11938211
Manjimup,50103,50103,2011,21672,3923,18.10169804,0.69157577,966,24.62401224,4.457364341
Mandurah,50201,50201,2011,83294,20109,24.14219512,0.675616849,12018,59.76428465,14.42841021
Cottesloe - Claremont,50301,50301,2011,64134,19774,30.83231983,0.859171872,16347,82.66916153,25.48882028
Perth City,50302,50302,2011,92217,34206,37.09294382,0.891312834,35379,103.4292229,38.36494356
Bayswater - Bassendean,50401,50401,2011,76341,27624,36.18501199,0.898960074,17442,63.14074718,22.84748693
Mundaring,50402,50402,2011,40413,10825,26.78593522,0.741832432,2457,22.69745958,6.079726821
Swan,50403,50403,2011,103138,31189,30.24006671,0.861017028,15645,50.16191606,15.16899688
Joondalup,50501,50501,2011,152421,57225,37.54403921,0.725161339,33330,58.24377457,21.86706556
Stirling,50502,50502,2011,178430,63350,35.50411926,0.895820885,43815,69.16337806,24.55584823
Wanneroo,50503,50503,2011,152103,60346,39.67443114,0.776765071,43638,72.31299506,28.68976943
Armadale,50601,50601,2011,62297,18646,29.93081529,0.756980332,8550,45.85433873,13.72457743
Belmont - Victoria Park,50602,50602,2011,63804,24450,38.32048147,0.892294823,24675,100.9202454,38.67312394
Canning,50603,50603,2011,88763,40465,45.58768856,0.89862876,38343,94.75596194,43.19705283
Gosnells,50604,50604,2011,106585,40112,37.63381339,0.8724603,27336,68.14918229,25.64713609
Kalamunda,50605,50605,2011,53563,14910,27.83637959,0.760926732,6003,40.26156942,11.20736329
Serpentine - Jarrahdale,50606,50606,2011,17805,4297,24.13367032,0.665495717,1032,24.01675588,5.796124684
South Perth,50607,50607,2011,40808,14308,35.0617526,0.885479093,12867,89.92871121,31.53058224
Cockburn,50701,50701,2011,87413,28097,32.14281629,0.873670973,17649,62.81453536,20.1903607
Fremantle,50702,50702,2011,33627,10008,29.76179855,0.819391569,5214,52.09832134,15.50539745
Kwinana,50703,50703,2011,29227,8612,29.46590481,0.789441099,4998,58.03529958,17.10062613
Melville,50704,50704,2011,98370,33414,33.96767307,0.875944993,19026,56.9402047,19.34126258
Rockingham,50705,50705,2011,104105,32669,31.38081744,0.636445996,21966,67.23805442,21.09985111
,50801,50801,2011,15608,2110,13.51870835,0.780898902,1287,60.99526066,8.245771399
,50802,50802,2011,9291,1524,16.40297062,0.851390869,765,50.19685039,8.233774621
,50803,50803,2011,41812,8815,21.08246436,0.800490424,10029,113.7719796,23.98593705
,50804,50804,2011,34794,4899,14.0800138,0.797311239,3171,64.72749541,9.113640283
,50805,50805,2011,53657,7677,14.30754608,0.800064626,4908,63.93122313,9.146989209
,50806,50806,2011,59894,11627,19.41262898,0.831034025,11406,98.09925174,19.04364377
Albany,50901,50901,2011,55357,10454,18.8846939,0.757202004,4293,41.06562081,7.755116787
Wheat Belt - North,50902,50902,2011,53371,8692,16.28599801,0.747910864,3849,44.28209848,7.211781679
Wheat Belt - South,50903,50903,2011,20711,2672,12.90135677,0.774233625,1527,57.14820359,7.372893631
Migratory - Offshore - Shipping (WA),59797,59797,2011,416,117,28.125,0.797720798,36,30.76923077,8.653846154
No usual address (WA),59999,59999,2011,7298,2268,31.0770074,0.816967299,2844,125.3968254,38.96958071
Brighton,60101,60101,2011,16013,814,5.083369762,0.776651232,150,18.42751843,0.9367389
Hobart - North East,60102,60102,2011,49643,4907,9.884575872,0.752214379,1800,36.68229061,3.625888846
Hobart - North West,60103,60103,2011,51251,5306,10.35296872,0.8346534,2886,54.39125518,5.631109637
Hobart - South and West,60104,60104,2011,31093,5263,16.92663944,0.777690695,1929,36.65209956,6.203968739
Hobart Inner,60105,60105,2011,48804,10091,20.67658389,0.880769243,8421,83.45059954,17.25473322
Sorell - Dodges Ferry,60106,60106,2011,14849,1355,9.125193616,0.690859874,249,18.37638376,1.676880598
Launceston,60201,60201,2011,79046,9345,11.82223009,0.834885423,6546,70.04815409,8.281253953
Meander Valley - West Tamar,60202,60202,2011,22005,2658,12.07907294,0.658976606,393,14.78555305,1.785957737
North East,60203,60203,2011,36512,3529,9.665315513,0.692182597,615,17.42703315,1.684377739
Central Highlands (Tas.),60301,60301,2011,11339,842,7.425698915,0.653153051,138,16.38954869,1.21703854
Huon - Bruny Island,60302,60302,2011,17941,2652,14.78178474,0.680081227,591,22.28506787,3.294130762
South East Coast,60303,60303,2011,6518,743,11.39920221,0.680990274,186,25.03364738,2.853636085
Burnie - Ulverstone,60401,60401,2011,47968,4044,8.430620414,0.730644782,1182,29.22848665,2.464142762
Devonport,60402,60402,2011,43224,3858,8.925596891,0.706714062,978,25.34992224,2.262631871
West Coast,60403,60403,2011,17956,1699,9.462018267,0.801283586,717,42.20129488,3.99309423
Migratory - Offshore - Shipping (Tas.),69797,69797,2011,116,21,18.10344828,0.702947846,18,85.71428571,15.51724138
No usual address (Tas.),69999,69999,2011,1073,180,16.77539609,0.833148148,210,116.6666667,19.57129543
Darwin City,70101,70101,2011,22771,5910,25.95406438,0.89028845,6105,103.2994924,26.81041676
Darwin Suburbs,70102,70102,2011,51574,13644,26.4551906,0.883719645,11049,80.98065084,21.42358553
Litchfield,70103,70103,2011,18620,2269,12.1858217,0.841773916,531,23.4023799,2.851772288
Palmerston,70104,70104,2011,27618,4203,15.21833587,0.87616999,2850,67.80870807,10.31935694
Alice Springs,70201,70201,2011,36066,5389,14.94205068,0.885888008,5712,105.9936909,15.83763101
Barkly,70202,70202,2011,5722,372,6.501223348,0.879971673,255,68.5483871,4.456483747
Daly - Tiwi - West Arnhem,70203,70203,2011,15751,724,4.596533553,0.853987974,432,59.66850829,2.742683004
East Arnhem,70204,70204,2011,14020,874,6.233951498,0.854206704,696,79.63386728,4.964336662
Katherine,70205,70205,2011,17823,1135,6.368175952,0.858126492,831,73.21585903,4.662514728
Migratory - Offshore - Shipping (NT),79797,79797,2011,108,33,30.55555556,0.760330579,30,90.90909091,27.77777778
No usual address (NT),79999,79999,2011,1870,449,24.01069519,0.832664521,531,118.2628062,28.39572193
Belconnen,80101,80101,2011,92444,21857,23.64350309,0.893694639,12939,59.19842613,13.99658171
,80102,80102,2011,549,89,16.21129326,0.830703194,90,101.1235955,16.39344262
Canberra East,80103,80103,2011,1503,248,16.50033267,0.836498439,66,26.61290323,4.391217565
Gungahlin,80104,80104,2011,47303,13698,28.95799421,0.907462887,9090,66.36005256,19.21654018
North Canberra,80105,80105,2011,48030,13440,27.98251093,0.90168994,13434,99.95535714,27.97001874
South Canberra,80106,80106,2011,24154,5770,23.88838288,0.885883357,3180,55.11265165,13.16552124
Tuggeranong,80107,80107,2011,86900,16266,18.71806674,0.882295678,4956,30.46846182,5.70310702
Weston Creek,80108,80108,2011,22746,4768,20.96192737,0.870117144,1761,36.93372483,7.742020575
Woden Valley,80109,80109,2011,32958,9372,28.43619152,0.896359631,6291,67.12548015,19.08793009
Migratory - Offshore - Shipping (ACT),89797,89797,2011,0,0,,,0,,
No usual address (ACT),89999,89999,2011,631,152,24.08874802,0.854916898,192,126.3157895,30.42789223
Christmas Island,90101,90101,2011,2072,1179,56.9015444,0.69794632,195,16.5394402,9.411196911
Cocos (Keeling) Islands,90102,90102,2011,550,51,9.272727273,0.677431757,30,58.82352941,5.454545455
Jervis Bay,90103,90103,2011,378,14,3.703703704,0.734693878,9,64.28571429,2.380952381
Migratory - Offshore - Shipping (OT),99797,99797,2011,3,0,0,,0,,0
No usual address (OT),99999,99999,2011,26,9,34.61538462,0.666666667,18,200,69.23076923