SA3_CODE_2021,recent_arrivals_2017_2021,new_arrivals_share,recent_arrivals_rate
10102,1423,12.045031318774337,2.196224900838053
10103,494,17.38824357620556,2.3845151324998795
10104,533,5.354631303998392,0.6945892410341952
10105,484,12.299872935196952,1.2603182043069552
10106,268,7.710011507479862,0.7023244843942451
10201,2515,7.445013469109854,1.4095400359811014
10202,1328,6.070579630645456,0.7896724167662676
10301,677,13.712781041118088,1.3775281813372402
10302,502,16.15186615186615,0.9180016092458488
10303,343,8.014018691588785,0.7165239189471486
10304,773,13.609154929577466,1.261711226
10401,303,6.862967157417893,0.5646138078822324
10402,2325,16.643997422864913,2.514546516
10501,283,22.318611987381704,1.3097607256907484
10502,199,20.34764826175869,1.0012074864157778
10503,1315,21.213098886917244,1.7750121483721182
10601,587,8.134700665,0.5994261031176285
10602,798,9.922904750062171,0.917041105965364
10603,698,7.397986221515633,0.9134451802025808
10604,563,21.038863976083707,1.840831807481036
10701,767,4.739248640632724,0.960924090755334
10702,0,,0.0
10703,760,4.867738423108948,0.7657122131097991
10704,4258,14.726939439006676,3.159644410145293
10801,245,6.692160611854685,0.73549278
10802,315,7.105797428378073,0.6157876216913634
10803,9,12.32876712328767,2.02247191011236
10804,842,7.8964644096408145,0.97026964738419
10805,361,6.95970696,0.6295230621675821
10901,1134,14.786804016168992,1.691426525863612
10902,220,23.55460385438972,1.6850490196078431
10903,360,11.760862463247305,0.8284813476629922
11001,1631,33.15714576133361,4.345046221061886
11002,405,14.846041055718477,1.045674007900648
11003,258,20.992676973148903,1.0439849471937843
11004,1608,25.350780387829104,1.901181144255666
11101,1078,8.103435315342404,0.8522008601062484
11102,632,6.635170603674541,0.7433370186539955
11103,4939,18.92699750910136,2.759217877094972
11201,1937,13.654307063301848,2.206854122043476
11202,582,8.855751673767498,0.8095026148881718
11203,1113,7.40765391,1.1428043371118777
11301,2412,29.526257803892765,4.866926289876713
11302,163,11.889132020423048,1.0916884334605854
11303,2486,25.742984363674022,2.506831772025532
11401,1009,6.900088901046297,0.9314304704231592
11402,772,8.134878819810327,1.4655074224533962
11501,7106,10.51385621495258,4.591418067
11502,297,4.637726420986883,1.0639822311384968
11503,99,3.301100367,0.395904983
11504,2384,11.83009130607384,4.205920750855651
11601,10896,16.695012640772237,7.640846551941768
11602,9362,13.92325996430696,6.557354084512962
11603,4748,10.250431778929189,4.106236324797412
11701,6297,22.00286522939306,10.714468019941808
11702,1935,10.92109718929902,3.5328914936736595
11703,30231,28.90180594,13.880483941320968
11801,9397,19.33658456,7.389495702501435
11802,10795,20.29440517371033,8.041387632874713
11901,7258,9.635707079,3.897017369593815
11902,10880,15.576234788833217,7.7113352375417294
11903,9737,16.055734190782424,7.383843056366546
11904,12584,17.935890309431166,8.624021710823888
12001,4567,13.483909064068497,5.2672248748644845
12002,1640,10.14098441751175,2.9079045356218307
12003,18799,23.161746587156863,11.628295374413916
12101,8664,16.730067391430282,7.376379239885574
12102,5104,14.213706870143977,5.836144302784289
12103,5794,10.94922237,4.659166753781452
12104,6205,17.17551969441138,6.546877967460802
12201,2854,18.626811121263543,6.610613114678156
12202,1043,6.862293571945523,1.6429854131879904
12203,5813,11.81335988782084,3.704836746269988
12301,732,5.88945208785904,0.994862595
12302,5727,9.197192824680018,3.219604337780176
12303,201,3.9442700156985873,0.4385103737155573
12401,587,4.313956052032043,0.7530468248877485
12402,0,,0.0
12403,2758,8.201498751040798,1.7312158684326155
12404,520,9.244444444444444,1.368349034261355
12405,1380,8.434692255974575,2.43000528262018
12501,15244,23.852665508770283,14.72224368384455
12502,4020,11.271554745548858,5.430671133686372
12503,10843,14.57079122769297,6.619011573961029
12504,23824,28.477169495577336,15.660496424063949
12601,4600,16.96540532566202,8.389261744966444
12602,12230,17.481667834017067,8.308311028382768
12701,4091,7.3727652825836225,2.8592395862454567
12702,13459,12.285602139642725,6.895968684032545
12703,6869,11.441087311369468,5.044133413620409
12801,1898,8.045100033909799,1.610316887965045
12802,1233,5.961129375362599,1.1034544478253088
19797,0,,
19999,636,33.61522198731501,5.593175622196816
20101,1978,15.153604535355855,1.702222872436554
20102,181,4.598577235772358,0.5843422114608555
20103,114,4.531001589825119,0.4260248888224522
20201,1759,17.02807357212004,1.7072034474057105
20202,354,5.523482602590107,0.6742857142857143
20203,74,8.194905869324474,0.6053664921465969
20301,78,3.742802303262956,0.3469287906418182
20302,6229,15.736951139406802,2.938401592557999
20303,949,7.626165220186436,1.015875054861535
20401,652,9.88777676675766,1.0866304456518114
20402,540,12.433801519686853,1.1144590745862055
20403,1142,13.26981175923774,1.4932984635501798
20501,629,9.036058038,1.0887061877974902
20502,446,7.716262975778547,0.9133729264796232
20503,492,5.047706986765158,0.6876502487840331
20504,868,8.815762746292911,1.1248185776487662
20505,480,9.525699543560233,1.0543657331136738
20601,4222,16.075236064575083,4.697687874134901
20602,1313,9.8922624877571,2.464801952318378
20603,3257,17.142105263157895,4.740074513913145
20604,34126,41.65568087495728,22.811344843951577
20605,7454,22.089198399762928,7.310996900623798
20606,4888,23.202164522713247,7.815922864132781
20607,4909,18.834407612031924,5.390951021304635
20701,8089,14.8435636296908,4.817748659916617
20702,5913,12.512432020653025,6.010001422966682
20703,9914,21.540935164262123,9.249255973205706
20801,3166,11.540424291025737,3.125185082818392
20802,9853,16.991739527825203,6.297093993059328
20803,2863,8.542443681933461,2.333466456929083
20804,2205,18.55435880175025,5.229827807030027
20901,3360,10.870620207706493,2.661681295351564
20902,5727,17.141574378928464,6.009506920324452
20903,521,4.863250257,0.776395202
20904,12029,13.27836098508682,4.772920254259481
21001,1058,6.241887905604719,1.7151101528685135
21002,174,4.35,0.5277685098122479
21003,5775,19.345437491625358,7.170617231831332
21004,646,8.092195916322185,1.433516776
21005,14816,16.374708502337505,7.260218257371209
21101,4548,8.643758553,2.857717344861387
21102,546,7.856115107913669,2.069279163192602
21103,3470,12.010660759406043,3.0284781679016226
21104,3036,12.370629940510144,4.8240247874791455
21105,1527,5.835371446040966,0.9835368681403616
21201,3236,11.640706500233822,2.734447617920941
21202,5935,10.582529465256853,4.323060450006191
21203,13369,13.68400581383447,5.864882649703882
21204,17906,16.42857798207224,9.246865381834708
21205,18256,19.61302521459804,9.985068341054406
21301,11582,12.641620642231876,6.2246395115737885
21302,2440,9.723052400876668,2.8179098961761886
21303,5462,16.854903412948218,6.410120997
21304,7730,11.6247593840231,3.895403625295431
21305,29003,20.345558112127502,9.7736126275493
21401,2081,6.982049991612145,1.494101851652415
21402,1392,4.667694990275635,0.8239221535620428
21501,889,17.12249614791988,1.4733178654292345
21502,2006,25.850515463917528,3.5210278733412905
21503,1399,30.585920419763884,3.6561781308802006
21601,436,14.829931972789115,1.1211396538867031
21602,453,15.009940357852884,1.4841753489286416
21603,2502,21.05706110082478,3.668298976629622
21701,319,10.49342105263158,0.8670363122417917
21703,616,17.620137299771166,1.6001246850403927
21704,925,19.659936238044637,1.7526574075828485
29797,0,0.0,0.0
29999,436,30.79096045,4.797007371548025
30101,992,6.116283371354584,1.3517933064428214
30102,1390,6.253936830738774,1.4883183073859134
30103,1588,9.072730389076158,2.174121383880286
30201,1426,11.326449563145353,3.091598916
30202,2491,14.501950282354311,3.3512713574599755
30203,1857,16.467145517424846,4.321519164087408
30204,2146,13.179389547380705,3.508198329273676
30301,1406,9.830792896098448,2.590559015366474
30302,4821,22.08529937239452,6.0722472730936845
30303,5455,16.36909227306827,6.873306873306874
30304,2171,17.964418700868844,5.440148344901897
30305,3772,11.656005685856432,5.556046545883047
30306,4475,16.805618146312153,8.916118748754732
30401,713,6.4089887640449446,2.159559001696147
30402,1505,9.495867247,3.152954978735885
30403,5314,28.385235831419266,9.789076172054896
30404,1172,10.29605552139155,2.1631997637461007
30501,12750,35.71128476598605,14.57692615500703
30502,1844,17.026777469990765,4.155399314945015
30503,6658,24.534768028890444,6.653808100896436
30504,3177,21.727533853098077,5.265774949032868
30601,1325,9.316551821122204,2.2934191851005643
30602,3127,13.807568331346316,2.9642901155570724
30603,697,15.057247785698854,1.972660119435089
30604,467,17.81762685997711,3.811622592
30605,775,11.93225558121632,1.8065268065268063
30701,706,22.076297686053785,1.5956965916282435
30702,434,12.594312246082415,1.0125519107834446
30703,378,9.190371991247265,0.9104046242774568
30801,576,17.63085399449036,1.996603001837152
30803,1801,14.78896370504188,1.4840145023071851
30804,288,25.2410166520596,1.9844277544270652
30805,867,10.304254813406228,1.3650318822325436
30901,2721,15.6848051648605,4.097891566
30902,1228,11.676333555196347,2.135243692510998
30903,2283,10.08392226,3.290241687924251
30904,219,4.9840691852526176,1.0888480087505594
30905,641,7.337454212454213,1.778924874
30906,1453,7.772547341,2.0850074618298704
30907,4652,10.225074731844558,2.9431488909415293
30908,2250,12.445378616073898,4.174164703263269
30909,4170,18.42116888280249,6.466921001
30910,4170,24.97903438361088,9.226276080270814
31001,3797,12.06354249404289,4.823976318430715
31002,421,5.822959889349931,0.6256315758188195
31003,1387,8.509202454,1.1965870954940343
31004,3852,11.47487265036194,3.661527347388833
31101,75,4.1689827682045575,0.5111080823224751
31102,1124,9.87958161202426,2.426807150876587
31103,3339,11.540056680721642,3.566469419580868
31104,719,6.495618393712169,1.1664882053278822
31105,1812,9.877350776778414,2.811176443210202
31106,3017,11.358759082865856,3.815799459
31201,876,22.065491183879093,2.445492867
31202,1856,12.819450200303908,1.5251744171713604
31203,817,19.26432445178024,3.4941407920622702
31301,352,4.700226999599413,0.9492732126965292
31302,1634,11.770638236565336,2.0479526739945104
31303,418,19.11294010059442,2.8059340806873867
31304,889,7.180936995153473,1.2845521406794111
31305,988,6.787112729271142,1.5492935660409906
31401,971,5.743523009582397,1.0814603613035438
31402,3122,12.417962690425997,3.5451892395217057
31403,910,10.817879220161672,2.283792601515836
31501,337,13.35711454617519,1.0463563821529482
31502,693,18.45047923322684,2.281331270369029
31503,207,18.80108991825613,1.2008353637312914
31601,1749,12.361297618206232,2.9666191736210057
31602,2142,10.895218718209565,2.224183583406884
31603,2027,14.712927342672572,3.1834529549416546
31605,1379,11.360079083944312,2.955422203171881
31606,762,7.114845938,1.2906722674842053
31607,539,6.267441860465116,1.078086246899752
31608,231,4.988123515,0.9542694261990332
31701,6553,26.399967770526143,4.043589063242399
31801,561,17.266851338873497,1.352883015409844
31802,3730,13.779091244920576,1.934446634
31901,1740,14.198286413708692,1.855069991577556
31902,674,13.646487143146386,1.3567373887837677
31903,352,5.7179987004548405,0.6623887393914303
31904,793,6.875325125715277,1.2489762489762488
31905,257,4.973872653377201,0.5395872262697097
39797,14,73.68421052631578,7.650273224043716
39999,893,30.867611475976496,6.087252897068848
40101,5109,44.94985043111033,20.41476864061376
40102,778,6.158961367954401,0.9758789809716142
40103,2547,16.73675910106453,5.533347816641321
40104,3546,17.69019706,6.427056712522429
40105,2736,23.33873582,7.298530157121136
40106,1843,21.01961678832117,6.084717224074747
40107,2041,20.683015808674504,5.2819544007660255
40201,221,3.740690589031821,0.5860669866610093
40202,2150,9.828571428571427,2.1514629948364887
40203,6738,21.48802500239181,8.767158935658058
40204,7177,14.57910132,4.965063991698374
40205,2199,9.275741342219597,2.274984481688392
40301,1340,15.922053231939165,3.752345216
40302,4625,16.54207947351479,4.801403567053547
40303,2364,15.368612664152906,3.5661487403831647
40304,2020,5.406996975293771,1.1442619793466378
40401,4972,14.794096643656273,4.197835227
40402,2429,13.528265107212476,3.991914278
40403,4951,24.23515590582016,7.610249474
40501,290,6.678949792722248,0.7636603028308098
40502,163,7.280035730236713,0.7183464809836498
40503,174,8.422071636011616,0.640553674
40504,87,3.5222672064777325,0.3264295362449347
40601,586,9.210939955988682,1.0264135080221397
40602,554,21.53128643606685,2.167449139280125
40701,345,3.617869127516778,0.620581728
40702,1193,16.248978479978206,1.7845656759061197
40703,1211,14.744916595641056,1.699434457401872
49797,0,,0.0
49999,151,27.454545454545453,4.471424341131182
50101,916,7.906093561194545,1.5977115746877837
50102,1811,8.936590180113496,1.6838836251383091
50103,280,6.519208381839348,1.1733646230566148
50201,1649,5.916544078073984,1.5319441476760711
50301,3751,16.444541867601927,5.228967728444971
50302,9949,23.12537771372786,9.001176151271148
50401,2960,9.800350958514056,3.504534583599725
50402,387,3.645097485165301,0.883723054
50403,3812,7.614405848630726,2.570049351419865
50501,3714,6.243905719377291,2.311987599678787
50502,10146,12.969946437930638,4.874392863
50503,5897,6.936504575716941,2.8282159746002518
50601,2777,8.172935428806875,2.948483819
50602,5333,17.915210964794408,7.081208837900999
50603,8727,17.475669830589933,8.802792039
50604,6125,11.08196128098426,4.846648097740077
50605,831,4.951438956086516,1.414179231476124
50606,426,5.253422123566407,1.3212579864772656
50607,2103,13.953951297193283,4.840268827103665
50701,3219,8.153908506003344,2.7792167426440115
50702,1087,9.655356191152958,2.723628163367577
50703,1480,9.295898498838012,3.2267207360411625
50704,3190,8.668478260869565,3.005832634485098
50705,2363,5.719057069558062,1.7416235498754404
50901,943,8.064654066535534,1.5239172592113768
50902,742,7.631389488840893,1.326492303841822
50903,270,10.518114530580444,1.3948442423929328
51001,872,21.419798575288628,2.4848968425852047
51002,940,17.669172932330827,3.694532877412255
51003,773,13.94048693,2.612015949178888
51101,274,12.517131110095931,1.715716969
51102,370,21.082621082621085,3.879626716996959
51103,1398,16.81298857,3.6532782815480704
51104,662,8.735814198997097,1.2040523089794657
59797,22,15.942028985507244,4.280155642023346
59999,415,28.960223307745984,5.152079453755432
60101,161,12.70718232044199,0.8218898361325234
60102,1405,16.66271347248577,2.3748753401734253
60103,2643,23.16186136184384,4.556268100951593
60104,1211,15.476038338658146,3.305040801288175
60105,3831,24.27602813509917,6.944872469
60106,179,9.284232365145227,0.9667836889008912
60201,3123,22.15050712816512,3.575476558475013
60202,239,7.650448143,0.9854044693658778
60203,270,6.545454545454546,0.6818181818181818
60301,51,5.274043433298862,0.409967846
60302,182,5.343511450381679,0.8384392131570461
60303,149,14.231136580706782,1.9651806911105247
60401,550,11.398963730569948,1.0993843447669305
60402,839,15.764750093949642,1.7373118257304372
60403,252,12.78538812785388,1.4124768790987052
69797,0,,0.0
69999,26,17.56756756756757,1.888162672476398
70101,2726,28.33679833679833,10.079869841739388
70102,3578,19.54977598076713,6.541013875431894
70103,192,7.043286867204696,0.91502645
70104,1180,14.320388349514564,3.174090811276092
70201,1902,26.10485863299478,5.21510241013408
70202,135,25.51984877126654,2.553432948742198
70203,168,18.32061069,1.0629547611515344
70204,113,14.41326530612245,0.8829504610095327
70205,435,24.086378737541526,2.3213618656278348
79797,0,0.0,0.0
79999,203,43.00847457627119,5.800000000000001
80101,5600,18.637467966851933,5.279980388644271
80103,55,16.516516516516518,2.843846949327818
80104,5494,16.797627419206897,6.265824228461941
80105,4095,23.499368759325144,6.692488723279075
80106,1225,14.529711777962282,3.8775639402380353
80107,1525,8.046219595842347,1.7046534243972231
80108,565,10.143626570915618,2.293950466910272
80109,2478,20.190662429723787,6.308714580310089
80110,820,17.487737257410963,7.170966331438566
80111,6,12.76595744680851,0.96
89797,0,,
89999,20,17.857142857142858,3.3057851239669422
90101,22,3.0386740331491717,1.3002364066193852
90102,3,5.882352941,0.5059021922428331
90103,5,125.0,1.6129032258064515
90104,49,8.581436077057793,2.2394881170018284
99797,0,,
99999,0,,0.0
